Unnamed: 0,Jugador,País,Posc,Equipo,Edad,Nacimiento,PJ,Titular,Mín,Gls.,Asistencias,Goles+Asistencias,Tarjetas Amarillas,Tarjetas Rojas,Goles Esperados,Asistencias Esperadas,Valor Mercado
0,Abner,BRA,Defensa,Betis,23,2000,9,5,522,0,0,0,2,0,0.1,0.4,"2,50 mill. €"
1,Abdel Abqar,MAR,Defensa,Alavés,24,1999,11,11,989,0,0,0,3,0,0.2,0.0,"8,00 mill. €"
2,Marcos Acuña,ARG,Defensa,Sevilla,32,1991,7,6,411,0,0,0,2,0,0.1,0.3,"3,50 mill. €"
3,Joseph Aidoo,GHA,Defensa,Celta Vigo,28,1995,6,4,407,0,0,0,0,0,0.1,0.1,"3,00 mill. €"
4,Ilias Akhomach,ESP,Centrocampista,Villarreal,19,2004,10,2,346,0,1,1,2,0,0.1,0.4,"1,20 mill. €"
5,Sergio Akieme,ESP,Defensa,Almería,25,1997,11,11,990,2,0,2,1,0,1.1,1.0,"2,00 mill. €"
6,Paul Akouokou,CIV,Centrocampista,Betis,25,1997,2,0,27,0,0,0,0,0,0.0,0.0,"8,00 mill. €"
7,David Alaba,AUT,Defensa,Real Madrid,31,1992,11,11,940,0,1,1,2,0,0.9,0.7,"40,00 mill. €"
8,Raúl Albiol,ESP,Defensa,Villarreal,38,1985,12,11,976,0,0,0,3,0,0.4,0.3,"7,00 mill. €"
9,Rubén Alcaraz,ESP,Centrocampista,Cádiz,32,1991,12,12,990,0,0,0,6,0,0.4,0.1,"6,00 mill. €"
10,Omar Alderete,PAR,Defensa,Getafe,26,1996,9,6,569,0,1,1,3,0,0.2,0.1,"1,40 mill. €"
11,Iván Alejo,ESP,Centrocampista,Cádiz,28,1995,12,10,748,0,0,0,6,0,0.0,0.3,"3,00 mill. €"
12,Carles Aleñá,ESP,Centrocampista,Getafe,25,1998,13,7,563,1,1,2,4,0,1.0,1.0,"2,00 mill. €"
13,Mohamed Ali Cho,FRA,Delantero,Real Sociedad,19,2004,11,1,249,0,0,0,0,0,0.4,0.1,"2,50 mill. €"
14,Domingos André Ribeiro Almeida,POR,Delantero,Valencia,23,2000,8,6,479,0,1,1,0,0,0.2,0.7,"1,20 mill. €"
15,Marcos Alonso,ESP,Defensa,Barcelona,32,1990,4,2,162,0,0,0,0,0,0.1,0.5,"6,00 mill. €"
16,Adrià Altimira,ESP,Defensa,Villarreal,22,2001,5,4,348,0,0,0,0,0,0.0,0.1,"1,00 mill. €"
17,Sergi Altimira,ESP,Centrocampista,Betis,22,2001,3,1,94,0,0,0,0,0,0.0,0.0,"10,00 mill. €"
18,Gastón Álvarez,URU,Defensa,Getafe,23,2000,12,11,993,1,0,1,3,0,0.3,0.4,"12,00 mill. €"
19,Yeray Álvarez,ESP,Defensa,Athletic Club,28,1995,5,2,185,0,0,0,1,0,0.1,0.1,"20,00 mill. €"
20,Selim Amallah,MAR,Centrocampista,Valencia,27,1996,9,5,374,0,1,1,4,1,0.3,0.2,"1,50 mill. €"
21,Amath,SEN,Delantero,Mallorca,27,1996,10,2,277,0,0,0,1,0,1.5,0.0,"5,00 mill. €"
22,Miguel Ángel Rubio,ESP,Defensa,Granada,25,1998,7,6,559,1,0,1,1,0,0.5,0.0,"3,00 mill. €"
23,Fabrizio Angileri,ARG,Defensa,Getafe,29,1994,4,1,76,0,0,0,1,1,0.0,0.2,"1,50 mill. €"
24,Mauro Arambarri,URU,Centrocampista,Getafe,28,1995,7,3,339,0,0,0,2,0,0.5,0.0,"6,00 mill. €"
25,Julian Araujo,MEX,Defensa,Las Palmas,22,2001,12,6,636,0,0,0,3,0,0.3,0.7,"2,50 mill. €"
26,Ronald Araújo,URU,Defensa,Barcelona,24,1999,8,5,573,1,0,1,0,0,0.6,0.7,"70,00 mill. €"
27,Adu Ares,ESP,Delantero,Athletic Club,22,2001,2,0,25,0,0,0,1,0,0.0,0.0,"4,00 mill. €"
28,Jesús Areso,ESP,Defensa,Osasuna,24,1999,13,9,823,0,1,1,1,0,0.1,1.2,"5,00 mill. €"
29,José Arnaiz,ESP,Delantero,Osasuna,28,1995,9,3,289,1,0,1,0,0,0.6,0.2,"5,00 mill. €"
30,Sergio Arribas,ESP,Centrocampista,Almería,22,2001,14,8,842,5,0,5,0,0,4.3,0.4,"18,00 mill. €"
31,Kepa Arrizabalaga,ESP,PO,Real Madrid,29,1994,10,10,900,0,0,0,1,0,0.0,0.0,"8,00 mill. €"
32,Iago Aspas,ESP,Delantero,Celta Vigo,36,1987,14,13,1081,1,4,5,4,0,5.2,4.6,500 mil €
33,Ezequiel Ávila,ARG,Delantero,Osasuna,29,1994,12,7,638,1,2,3,2,2,1.5,1.6,"2,00 mill. €"
34,César Azpilicueta,ESP,Defensa,Atlético Madrid,34,1989,10,7,665,0,1,1,1,0,0.6,1.8,"5,00 mill. €"
35,Iddrisu Baba,GHA,Centrocampista,Almería,27,1996,14,9,829,0,0,0,3,0,0.5,0.6,"2,50 mill. €"
37,Loïc Bade,FRA,Defensa,Sevilla,23,2000,11,10,886,0,1,1,1,1,0.6,0.2,"20,00 mill. €"
38,Alex Baena,ESP,Centrocampista,Villarreal,22,2001,12,12,879,1,5,6,4,1,1.6,3.1,"12,00 mill. €"
39,Alejandro Balde,ESP,Defensa,Barcelona,20,2003,13,11,992,0,1,1,1,0,0.1,1.0,"1,80 mill. €"
40,Iván Balliu,ALB,Defensa,Rayo Vallecano,31,1992,12,12,1080,0,0,0,1,0,0.1,0.6,200 mil €
41,Jonathan Bamba,CIV,Centrocampista,Celta Vigo,27,1996,14,14,1172,2,1,3,0,0,2.3,2.7,"4,00 mill. €"
42,Léo Baptistão,BRA,Delantero,Almería,31,1992,11,6,502,2,0,2,3,0,1.5,0.1,"50,00 mill. €"
43,Francisco Barbosa,ESP,PO,Betis,24,1999,3,2,225,0,0,0,0,0,0.0,0.0,"15,00 mill. €"
44,Kike Barja,ESP,Delantero,Osasuna,26,1997,10,2,241,0,0,0,2,0,0.1,0.4,"2,50 mill. €"
45,Ander Barrenetxea,ESP,Delantero,Real Sociedad,21,2001,13,11,806,3,1,4,0,0,2.1,1.0,"3,00 mill. €"
46,Pablo Barrios,ESP,Centrocampista,Atlético Madrid,20,2003,9,5,564,0,1,1,2,0,0.2,1.2,"20,00 mill. €"
47,Marc Bartra,ESP,Defensa,Betis,32,1991,3,3,225,0,0,0,1,0,0.2,0.0,-
48,Bebé,CPV,Centrocampista,Rayo Vallecano,33,1990,10,0,88,2,0,2,1,0,1.3,0.2,"20,00 mill. €"
49,Héctor Bellerín,ESP,Defensa,Betis,28,1995,10,10,896,0,0,0,0,0,0.0,0.7,"150,00 mill. €"
50,Jude Bellingham,ENG,Centrocampista,Real Madrid,20,2003,12,12,1021,11,2,13,1,0,5.3,1.6,"8,00 mill. €"
51,Fran Beltrán,ESP,Centrocampista,Celta Vigo,24,1999,14,12,992,0,0,0,2,0,0.3,0.1,500 mil €
52,Carlos Benavídez,URU,Centrocampista,Alavés,25,1998,9,3,328,0,0,0,1,0,0.1,0.0,"10,00 mill. €"
53,Yuri Berchiche,ESP,Defensa,Athletic Club,33,1990,8,7,581,1,1,2,1,0,0.2,0.3,"2,00 mill. €"
54,Álex Berenguer,ESP,Delantero,Athletic Club,28,1995,13,3,426,2,1,3,2,0,2.2,1.5,"3,00 mill. €"
55,Antonio Blanco,ESP,Centrocampista,Alavés,23,2000,12,9,766,0,0,0,0,1,0.6,0.3,"5,00 mill. €"
56,Daley Blind,NED,Defensa,Girona,33,1990,14,13,1172,0,2,2,1,0,0.1,0.4,"15,00 mill. €"
58,Yassine Bounou,MAR,PO,Sevilla,32,1991,1,1,90,0,0,0,0,0,0.0,0.0,"10,00 mill. €"
59,Lucas Boyé,ARG,Delantero,Granada,27,1996,10,10,810,3,2,5,3,1,2.2,0.8,"11,00 mill. €"
60,Juan Brandáriz,ESP,Defensa,Almería,24,1999,12,11,1035,0,1,1,2,0,0.0,1.2,"2,00 mill. €"
61,Claudio Bravo,CHI,PO,Betis,40,1983,7,7,630,0,0,0,0,0,0.0,0.0,"1,00 mill. €"
62,Ben Brereton,CHI,Delantero,Villarreal,24,1999,10,2,227,0,0,0,2,0,0.1,0.3,"10,00 mill. €"
63,Ante Budimir,CRO,Delantero,Osasuna,32,1991,14,11,965,7,1,8,3,0,5.5,0.7,"90,00 mill. €"
64,José Callejón,ESP,Centrocampista,Granada,36,1987,12,6,490,0,1,1,0,0,0.8,0.6,"5,00 mill. €"
65,Eduardo Camavinga,FRA,Centrocampista,Real Madrid,21,2002,13,9,749,0,0,0,3,0,0.3,0.4,"1,20 mill. €"
66,Sergio Camello,ESP,Delantero,Rayo Vallecano,22,2001,11,5,512,0,1,1,2,0,1.2,0.3,"5,00 mill. €"
67,João Cancelo,POR,Defensa,Barcelona,29,1994,11,10,896,2,1,3,2,0,0.7,1.6,"50,00 mill. €"
68,Sergi Canós,ESP,Delantero,Valencia,26,1997,7,3,311,0,0,0,0,0,0.3,0.3,"4,00 mill. €"
69,Étienne Capoue,FRA,Centrocampista,Villarreal,35,1988,14,10,877,0,1,1,3,0,0.7,0.4,"2,00 mill. €"
70,Isaac Carcelen,ESP,Defensa,Cádiz,30,1993,12,11,994,0,0,0,0,0,0.3,0.2,"1,50 mill. €"
71,Marc Cardona,ESP,Delantero,Las Palmas,28,1995,8,4,306,2,0,2,1,0,1.4,0.1,"1,40 mill. €"
72,Sergi Cardona,ESP,Defensa,Las Palmas,24,1999,14,11,1104,0,0,0,5,0,0.4,1.3,"2,00 mill. €"
73,Carmona,ESP,Centrocampista,Getafe,21,2002,10,7,480,1,1,2,3,0,0.3,0.4,450 mil €
74,Yannick Carrasco,BEL,Defensa,Atlético Madrid,30,1993,3,3,221,0,1,1,0,0,0.1,0.2,"20,00 mill. €"
76,William Carvalho,POR,Centrocampista,Betis,31,1992,7,1,200,0,1,1,0,0,0.0,0.1,"9,00 mill. €"
77,Catena,ESP,Defensa,Osasuna,29,1994,13,13,1163,1,1,2,4,1,0.4,0.3,"2,50 mill. €"
78,Dani Ceballos,ESP,Centrocampista,Real Madrid,27,1996,4,0,91,0,0,0,0,0,0.0,0.0,"12,00 mill. €"
79,Álex Centelles,ESP,Defensa,Almería,26,1997,3,3,225,0,0,0,0,0,0.0,0.5,"6,00 mill. €"
80,Franco Cervi,ARG,Defensa,Celta Vigo,29,1994,6,2,171,0,0,0,1,0,0.1,0.6,"1,50 mill. €"
81,Pep Chavarría,ESP,Centrocampista,Rayo Vallecano,25,1998,3,0,22,0,0,0,1,0,0.0,0.0,"1,00 mill. €"
82,Andreas Christensen,DEN,Defensa,Barcelona,27,1996,11,11,810,0,1,1,1,0,0.4,0.5,"40,00 mill. €"
83,Víctor Chust,ESP,Defensa,Cádiz,23,2000,2,2,155,0,0,0,0,0,0.0,0.0,"2,00 mill. €"
84,Pathé Ciss,SEN,Centrocampista,Rayo Vallecano,29,1994,13,7,705,1,0,1,2,0,1.2,0.2,"3,00 mill. €"
85,Silvi Clúa,ESP,Centrocampista,Girona,18,2005,1,0,1,0,0,0,0,0,0.0,0.0,"2,00 mill. €"
86,Saúl Coco,EQG,Defensa,Las Palmas,24,1999,11,8,759,1,0,1,2,0,0.6,0.0,-
87,Santi Comesaña,ESP,Centrocampista,Villarreal,27,1996,9,3,320,0,0,0,4,0,0.2,0.2,"12,00 mill. €"
88,Copete,ESP,Defensa,Mallorca,24,1999,6,6,465,0,0,0,3,0,0.0,0.1,"7,50 mill. €"
89,Jesús Corona,MEX,Centrocampista,Sevilla,30,1993,2,0,17,0,0,0,0,0,0.0,0.0,"30,00 mill. €"
90,Ángel Correa,ARG,Delantero,Atlético Madrid,28,1995,10,2,345,3,1,4,0,0,1.7,1.0,"7,00 mill. €"
91,Thierry Correia,POR,Defensa,Valencia,24,1999,13,13,1019,0,2,2,1,0,0.6,0.3,"8,00 mill. €"
92,Jaume Costa,ESP,Defensa,Mallorca,35,1988,12,6,584,0,0,0,3,0,0.1,0.1,"5,00 mill. €"
93,Samu Costa,POR,Centrocampista,Mallorca,23,2000,13,10,980,1,0,1,2,0,0.7,0.2,"1,20 mill. €"
94,Yan Couto,BRA,Defensa,Girona,21,2002,13,8,766,1,3,4,3,0,0.7,1.2,225 mil €
96,Juan Cruz,ESP,Delantero,Betis,23,2000,4,0,69,0,0,0,0,0,0.1,0.0,"8,00 mill. €"
97,Jorge Cuenca,ESP,Defensa,Villarreal,24,1999,8,7,637,1,0,1,1,0,0.3,0.0,"5,00 mill. €"
98,Eric Curbelo,ESP,Defensa,Las Palmas,29,1994,1,1,90,0,0,0,0,0,0.0,0.0,"40,00 mill. €"
99,Sergi Darder,ESP,Centrocampista,Mallorca,29,1993,11,7,764,0,3,3,1,0,0.2,3.4,"6,00 mill. €"
100,Rodrigo De Paul,ARG,Centrocampista,Atlético Madrid,29,1994,10,7,580,0,2,2,1,0,0.9,1.5,"1,00 mill. €"
101,Mouctar Diakhaby,GUI,Defensa,Valencia,26,1996,8,8,654,1,0,1,4,0,0.7,0.0,"16,00 mill. €"
102,Assane Diao,ESP,Delantero,Betis,18,2005,7,7,510,2,0,2,1,0,1.0,0.4,-
103,Brahim Díaz,ESP,Centrocampista,Real Madrid,24,1999,9,2,185,1,0,1,0,0,0.3,0.3,500 mil €
104,Víctor Díaz,ESP,Defensa,Granada,35,1988,4,2,162,0,0,0,1,0,0.0,0.0,"20,00 mill. €"
105,Famara Diedhiou,SEN,Delantero,Granada,30,1992,7,0,81,0,1,1,0,0,0.5,0.2,"4,00 mill. €"
106,Stole Dimitrievski,MKD,PO,Rayo Vallecano,29,1993,14,14,1260,0,0,0,1,0,0.0,0.0,700 mil €
107,Djené,TOG,Centrocampista,Getafe,31,1991,12,10,859,0,0,0,7,1,0.1,0.1,"4,00 mill. €"
108,Marko Dmitrović,SRB,PO,Sevilla,31,1992,5,5,450,0,0,0,0,0,0.0,0.0,"2,00 mill. €"
109,Carlos Dominguez,ESP,Defensa,Celta Vigo,22,2001,3,3,266,0,0,0,0,0,0.0,0.0,800 mil €
110,Mario Dominguez,ESP,Delantero,Valencia,19,2004,3,0,25,0,0,0,0,0,0.2,0.0,"12,00 mill. €"
111,Carlos Dotor,ESP,Centrocampista,Celta Vigo,22,2001,9,3,327,0,0,0,0,0,0.1,0.1,"3,00 mill. €"
112,Anastasios Douvikas,GRE,Delantero,Celta Vigo,24,1999,10,1,217,2,0,2,0,0,1.2,0.0,200 mil €
113,Artem Dovbyk,UKR,Delantero,Girona,26,1997,13,9,725,7,4,11,0,0,6.6,2.6,"15,00 mill. €"
114,Domingos Duarte,POR,Defensa,Getafe,28,1995,8,7,543,0,0,0,5,1,0.3,0.0,"2,00 mill. €"
115,Rubén Duarte,ESP,Defensa,Alavés,28,1995,12,10,815,1,0,1,4,0,0.2,1.0,"3,00 mill. €"
116,Hugo Duro,ESP,Delantero,Valencia,24,1999,14,13,1133,6,2,8,1,0,6.1,1.0,"20,00 mill. €"
117,Aritz Elustondo,ESP,Defensa,Real Sociedad,29,1994,5,3,274,0,1,1,0,0,0.1,0.3,"5,00 mill. €"
119,Youssef En-Nesyri,MAR,Delantero,Sevilla,26,1997,12,8,805,5,0,5,1,0,3.3,0.0,"3,50 mill. €"
120,Gonzalo Escalante,ARG,Centrocampista,Cádiz,30,1993,11,7,689,0,2,2,0,1,0.4,1.4,"10,00 mill. €"
121,Alfonso Espino,URU,Defensa,Rayo Vallecano,31,1992,14,14,1216,0,0,0,4,0,0.3,0.7,"2,50 mill. €"
122,Bernardo Espinosa,COL,Defensa,Girona,34,1989,2,0,2,0,0,0,0,0,0.0,0.0,"1,50 mill. €"
123,Abdessamad Ezzalzouli,MAR,Delantero,Barcelona,21,2001,2,0,68,0,0,0,0,0,0.2,0.1,"1,50 mill. €"
124,Radamel Falcao,COL,Delantero,Rayo Vallecano,37,1986,7,0,100,1,0,1,1,0,1.7,0.1,"15,00 mill. €"
125,Fali,ESP,Defensa,Cádiz,30,1993,12,12,979,0,0,0,5,0,0.2,0.1,"35,00 mill. €"
126,Ansu Fati,ESP,Centrocampista,Barcelona,21,2002,3,0,50,0,0,0,0,0,0.7,0.0,"2,50 mill. €"
127,Nabil Fekir,FRA,Centrocampista,Betis,30,1993,2,0,19,0,0,0,0,0,0.1,0.0,"3,00 mill. €"
128,Luiz Felipe,ITA,Defensa,Betis,26,1997,4,4,360,0,0,0,1,0,0.1,0.2,"2,00 mill. €"
129,João Félix,POR,Delantero,Barcelona,24,1999,11,9,726,1,2,3,2,0,3.2,1.2,"15,00 mill. €"
130,Kiko Femenía,ESP,Defensa,Villarreal,32,1991,6,1,200,0,0,0,3,0,0.0,0.4,"3,00 mill. €"
131,Aitor Fernández,ESP,PO,Osasuna,32,1991,4,3,281,0,0,0,2,0,0.0,0.0,"15,00 mill. €"
132,Álex Fernández,ESP,Centrocampista,Cádiz,31,1992,9,2,308,0,0,0,1,0,0.0,0.1,"50,00 mill. €"
133,Álvaro Fernández,ESP,Delantero,Granada,20,2003,9,4,344,0,0,0,1,0,0.3,0.3,"7,00 mill. €"
134,Carlos Fernández,ESP,Delantero,Real Sociedad,27,1996,8,5,373,2,1,3,2,0,1.5,0.5,-
135,Raúl Fernández,ESP,PO,Granada,35,1988,3,3,270,0,0,0,0,0,0.0,0.0,"3,00 mill. €"
136,Valery Fernández,ESP,Centrocampista,Girona,24,1999,11,0,194,0,0,0,0,0,0.0,0.0,300 mil €
137,Fernando,ESP,PO,Almería,33,1990,2,2,180,0,0,0,0,0,0.0,0.0,-
138,André Ferreira,POR,PO,Granada,27,1996,11,11,990,0,0,0,1,0,0.0,0.0,"2,50 mill. €"
139,Dimitri Foulquier,FRA,Defensa,Valencia,30,1993,10,1,270,0,0,0,1,0,0.2,0.2,"2,50 mill. €"
140,Juan Foyth,ARG,Defensa,Villarreal,25,1998,10,10,882,1,1,2,1,0,0.4,0.9,"25,00 mill. €"
141,Jorge de Frutos,ESP,Centrocampista,Rayo Vallecano,26,1997,13,2,355,1,0,1,0,0,1.3,0.6,"8,00 mill. €"
142,Matteo Gabbia,ITA,Defensa,Villarreal,24,1999,7,6,477,0,0,0,2,0,0.0,0.1,"5,00 mill. €"
143,Javi Galán,ESP,Defensa,Atlético Madrid,29,1994,5,0,88,0,0,0,1,0,0.0,0.1,"3,00 mill. €"
144,Iñigo Ruiz de Galarreta,ESP,Centrocampista,Athletic Club,30,1993,11,11,916,1,0,1,4,0,0.3,0.6,"10,00 mill. €"
145,Aleix García,ESP,Centrocampista,Girona,26,1997,14,14,1260,3,4,7,1,0,0.9,2.8,"12,00 mill. €"
146,Álvaro García,ESP,Centrocampista,Rayo Vallecano,31,1992,13,13,1111,4,1,5,5,0,2.1,1.8,"6,00 mill. €"
147,Dani García,ESP,Centrocampista,Athletic Club,33,1990,10,4,403,1,0,1,3,0,0.7,0.0,-
148,David García,ESP,Defensa,Osasuna,29,1994,13,13,1170,0,0,0,2,0,0.4,0.0,"15,00 mill. €"
149,Eric García,ESP,Defensa,Barcelona,22,2001,2,0,57,0,0,0,1,0,0.0,0.0,"12,00 mill. €"
150,Fran Garcia,ESP,Defensa,Real Madrid,24,1999,11,7,544,0,3,3,1,0,0.2,1.4,"15,00 mill. €"
151,Francisco Jesús Crespo García,ESP,Delantero,Las Palmas,27,1996,8,5,340,0,0,0,1,0,0.8,0.2,"90,00 mill. €"
152,Gonzalo García,ESP,Delantero,Real Madrid,19,2004,1,0,13,0,0,0,0,0,0.0,0.0,"4,00 mill. €"
153,Raúl García,ESP,Delantero,Athletic Club,37,1986,6,0,88,0,0,0,2,0,0.3,0.0,"3,00 mill. €"
154,Rubén García,ESP,Delantero,Osasuna,30,1993,11,5,419,2,0,2,0,0,0.8,0.8,"1,50 mill. €"
155,Federico Gattoni,ARG,Defensa,Sevilla,24,1999,2,0,10,0,0,0,0,0,0.0,0.0,"2,50 mill. €"
156,Gavi,ESP,Centrocampista,Barcelona,19,2004,12,10,944,1,1,2,5,0,0.9,1.1,-
157,Paulo Gazzaniga,ARG,PO,Girona,31,1992,14,14,1260,0,0,0,2,0,0.0,0.7,"4,00 mill. €"
158,David Gil,ESP,PO,Cádiz,29,1994,1,0,12,0,0,0,0,0,0.0,0.0,-
159,Maxi Gómez,URU,Delantero,Cádiz,27,1996,10,4,408,0,0,0,2,0,0.7,0.0,"4,00 mill. €"
160,Moi Gómez,ESP,Delantero,Osasuna,29,1994,9,8,696,1,0,1,1,0,0.6,0.2,"4,00 mill. €"
161,Unai Gómez,ESP,Centrocampista,Athletic Club,20,2003,8,1,124,1,0,1,0,0,0.7,0.0,"1,00 mill. €"
162,Édgar González,ESP,Defensa,Almería,26,1997,10,10,802,0,0,0,3,1,0.9,0.1,"5,00 mill. €"
163,Giovanni González,URU,Defensa,Mallorca,29,1994,12,10,831,0,0,0,4,0,0.1,0.3,"4,00 mill. €"
164,Hugo González,ESP,Centrocampista,Valencia,20,2003,5,0,43,0,1,1,0,0,0.0,0.5,"5,00 mill. €"
165,Urko González,ESP,Centrocampista,Real Sociedad,22,2001,2,2,102,0,0,0,1,0,0.0,0.0,400 mil €
166,Andoni Gorosabel,ESP,Defensa,Alavés,27,1996,14,13,1191,0,0,0,3,0,0.3,0.6,"1,50 mill. €"
167,Pablo Gozalbez,ESP,Centrocampista,Valencia,22,2001,5,1,103,0,0,0,0,0,0.0,0.0,"1,00 mill. €"
168,Mason Greenwood,ENG,Centrocampista,Getafe,22,2001,10,7,658,2,3,5,2,0,0.8,2.3,"2,00 mill. €"
169,Antoine Griezmann,FRA,Delantero,Atlético Madrid,32,1991,13,13,1066,9,1,10,3,0,6.0,2.6,"4,00 mill. €"
170,Vicente Guaita,ESP,PO,Celta Vigo,36,1987,5,4,423,0,0,0,1,0,0.0,0.0,"20,00 mill. €"
171,Andrés Guardado,MEX,Centrocampista,Betis,37,1986,9,2,291,0,0,0,1,0,0.1,0.2,"1,00 mill. €"
172,Sergi Guardiola,ESP,Delantero,Cádiz,32,1991,5,0,78,0,0,0,0,0,0.3,0.1,"25,00 mill. €"
173,Nemanja Gudelj,SRB,Defensa,Sevilla,32,1991,10,10,886,1,0,1,5,0,0.7,0.1,"1,50 mill. €"
174,Javier Guerra,ESP,Centrocampista,Valencia,20,2003,14,12,1118,3,1,4,2,0,1.5,0.6,"1,50 mill. €"
175,Ander Guevara,ESP,Centrocampista,Alavés,26,1997,14,14,1218,1,0,1,4,0,0.5,0.4,"20,00 mill. €"
176,Hugo Guillamón,ESP,Centrocampista,Valencia,23,2000,9,0,171,0,0,0,1,0,0.0,0.2,"3,50 mill. €"
177,Marc Guiu,ESP,Centrocampista,Barcelona,17,2006,1,0,12,1,0,1,1,0,0.2,0.0,"9,00 mill. €"
178,Gerard Gumbau,ESP,Centrocampista,Granada,28,1994,13,13,1063,0,2,2,6,0,0.6,1.4,"2,50 mill. €"
179,İlkay Gündoğan,GER,Centrocampista,Barcelona,33,1990,14,12,1126,1,3,4,2,0,1.4,3.1,-
180,Jon Guridi,ESP,Centrocampista,Alavés,28,1995,13,12,1006,0,3,3,1,0,1.2,1.5,"1,80 mill. €"
181,Gorka Guruzeta,ESP,Delantero,Athletic Club,27,1996,14,13,936,6,0,6,2,0,5.0,0.5,"4,00 mill. €"
182,Miguel Gutiérrez,ESP,Defensa,Girona,22,2001,13,13,1141,0,1,1,3,0,1.6,2.5,"15,00 mill. €"
183,Munir El Haddadi,MAR,Delantero,Las Palmas,28,1995,14,13,1037,1,1,2,2,0,2.3,0.9,"2,00 mill. €"
184,Ianis Hagi,ROU,Centrocampista,Alavés,25,1998,10,5,415,0,1,1,2,0,2.5,1.1,"4,00 mill. €"
185,Luiz Henrique,BRA,Delantero,Betis,22,2001,8,3,295,0,2,2,1,0,0.4,0.5,"20,00 mill. €"
186,Mario Hermoso,ESP,Defensa,Atlético Madrid,28,1995,13,13,1131,0,1,1,4,0,0.5,0.3,"15,00 mill. €"
187,Javi Hernández,ESP,Defensa,Cádiz,25,1998,13,13,1144,0,1,1,4,0,0.6,0.7,"3,00 mill. €"
188,Aridane Hernández,ESP,Defensa,Rayo Vallecano,34,1989,9,9,790,0,0,0,3,0,0.1,0.0,"1,00 mill. €"
189,Luis Hernández,ESP,Defensa,Cádiz,34,1989,7,6,543,1,0,1,3,0,1.0,0.3,600 mil €
190,Jorge Herrando,ESP,Defensa,Osasuna,22,2001,2,2,180,0,0,0,0,0,0.0,0.0,"2,50 mill. €"
191,Ander Herrera,ESP,Centrocampista,Athletic Club,34,1989,7,3,299,0,0,0,2,0,0.1,0.2,"1,00 mill. €"
192,Cristian Herrera,ESP,Delantero,Las Palmas,32,1991,3,1,94,0,0,0,0,0,0.0,0.0,400 mil €
193,Sergio Herrera,ESP,PO,Osasuna,30,1993,11,11,979,0,0,0,2,0,0.0,0.0,"6,00 mill. €"
194,Yangel Herrera,VEN,Centrocampista,Girona,25,1998,14,13,1080,4,0,4,4,0,2.9,1.3,"10,00 mill. €"
195,Pablo Ibáñez,ESP,Centrocampista,Osasuna,25,1998,11,3,312,0,0,0,2,0,0.5,0.3,"5,00 mill. €"
196,Iglesias,ESP,Defensa,Getafe,25,1998,10,5,563,0,0,0,1,0,0.4,0.3,-
197,Borja Iglesias,ESP,Delantero,Betis,30,1993,8,3,281,0,1,1,2,0,0.5,0.8,"10,00 mill. €"
198,Imanol,ESP,Defensa,Athletic Club,23,2000,4,3,258,0,0,0,0,0,0.0,0.1,-
199,Isco,ESP,Centrocampista,Betis,31,1992,14,14,1137,2,2,4,4,0,4.0,3.6,"90,00 mill. €"
200,Adnan Januzaj,BEL,Delantero,Sevilla,28,1995,2,0,44,0,0,0,0,0,0.0,0.0,"8,00 mill. €"
201,Luis Javier Suárez,COL,Delantero,Almería,25,1997,8,8,690,4,0,4,1,0,5.3,0.4,"4,00 mill. €"
202,Frenkie de Jong,NED,Centrocampista,Barcelona,26,1997,7,7,575,1,0,1,3,0,0.5,0.5,"8,00 mill. €"
203,Joan Jordán,ESP,Centrocampista,Sevilla,29,1994,3,3,254,0,0,0,1,0,0.1,0.0,"6,00 mill. €"
204,Willian José,BRA,Delantero,Betis,32,1991,11,8,651,6,0,6,0,1,2.6,0.7,"6,00 mill. €"
205,Joselu,ESP,Delantero,Real Madrid,33,1990,14,7,751,5,2,7,0,0,5.9,1.3,"6,00 mill. €"
206,Juanpe,ESP,Defensa,Girona,32,1991,5,0,121,0,0,0,2,0,0.0,0.0,"1,50 mill. €"
207,Vinicius Júnior,BRA,Delantero,Real Madrid,23,2000,10,9,704,4,1,5,2,0,2.9,1.2,"150,00 mill. €"
208,Filip Jørgensen,DEN,PO,Villarreal,21,2002,14,14,1260,0,0,0,1,0,0.0,0.0,"5,00 mill. €"
209,Sory Kaba,GUI,Delantero,Las Palmas,28,1995,11,6,526,1,1,2,2,0,1.4,0.2,"3,00 mill. €"
210,Kaiky,BRA,Defensa,Almería,19,2004,6,4,426,1,0,1,1,0,0.2,0.0,"2,00 mill. €"
211,Jon Karrikaburu,ESP,Centrocampista,Alavés,21,2002,2,0,16,0,0,0,0,0,0.0,0.0,"3,00 mill. €"
212,Ibrahima Kebe,MLI,Centrocampista,Girona,23,2000,2,0,9,0,0,0,1,0,0.0,0.0,500 mil €
213,Kiké,ESP,Delantero,Alavés,34,1989,14,8,687,2,0,2,1,0,4.1,1.0,"4,50 mill. €"
214,Koke,ESP,Centrocampista,Atlético Madrid,31,1992,10,10,682,0,2,2,2,0,0.3,1.2,"16,00 mill. €"
215,Ibrahima Koné,MLI,Delantero,Almería,24,1999,8,2,262,0,0,0,0,0,0.4,0.1,"4,00 mill. €"
216,Rominigue Kouamé,MLI,Centrocampista,Cádiz,26,1996,6,4,364,0,0,0,2,0,0.0,0.1,"4,00 mill. €"
217,Jules Koundé,FRA,Defensa,Barcelona,25,1998,11,10,845,1,1,2,0,0,1.1,0.5,"7,00 mill. €"
218,Toni Kroos,GER,Centrocampista,Real Madrid,33,1990,14,8,803,1,4,5,2,0,1.0,2.1,"50,00 mill. €"
219,Takefusa Kubo,JPN,Delantero,Real Sociedad,22,2001,13,11,964,5,2,7,0,0,1.9,3.0,"60,00 mill. €"
220,Luca de la Torre,USA,Centrocampista,Celta Vigo,25,1998,12,10,868,0,2,2,3,1,0.7,1.0,"3,00 mill. €"
221,Érik Lamela,ARG,Delantero,Sevilla,31,1992,7,4,339,2,0,2,3,0,0.9,0.9,"15,00 mill. €"
222,Cyle Larin,CAN,Delantero,Mallorca,28,1995,12,3,443,0,0,0,2,0,2.8,0.2,"5,00 mill. €"
223,Juanmi Latasa,ESP,Delantero,Getafe,22,2001,14,7,694,2,0,2,3,0,1.3,0.7,"3,00 mill. €"
224,Toni Lato,ESP,Defensa,Mallorca,26,1997,9,6,543,0,1,1,1,0,0.0,0.7,"2,50 mill. €"
225,Lázaro,BRA,Delantero,Almería,21,2002,8,2,192,0,0,0,0,0,0.5,0.1,"10,00 mill. €"
226,Robin Le Normand,ESP,Defensa,Real Sociedad,27,1996,12,11,956,1,0,1,4,0,0.3,0.0,"3,00 mill. €"
228,Florian Lejeune,FRA,Defensa,Rayo Vallecano,32,1991,14,14,1257,0,1,1,4,0,1.0,0.3,"4,00 mill. €"
229,Iñigo Lekue,ESP,Defensa,Athletic Club,30,1993,9,6,620,0,0,0,2,0,0.1,0.3,"35,00 mill. €"
230,Thomas Lemar,FRA,Centrocampista,Atlético Madrid,28,1995,3,3,164,0,0,0,0,0,0.2,0.0,800 mil €
231,Álvaro Lemos,ESP,Defensa,Las Palmas,30,1993,3,2,194,0,0,0,1,0,0.0,0.0,"20,00 mill. €"
232,Robert Lewandowski,POL,Delantero,Barcelona,35,1988,12,10,928,7,3,10,3,0,7.6,1.1,"15,00 mill. €"
233,Samuel Lino,BRA,Defensa,Atlético Madrid,23,1999,9,5,474,2,2,4,1,0,1.0,2.2,"30,00 mill. €"
234,Javier Llabrés,ESP,Centrocampista,Mallorca,21,2002,6,0,93,0,0,0,1,0,0.1,0.1,"35,00 mill. €"
235,Marcos Llorente,ESP,Centrocampista,Atlético Madrid,28,1995,13,9,790,2,1,3,2,0,0.6,2.2,300 mil €
236,Enzo Loiodice,FRA,Centrocampista,Las Palmas,23,2000,14,9,862,0,0,0,1,0,0.3,0.4,"2,50 mill. €"
237,David López,ESP,Defensa,Girona,34,1989,11,11,913,2,0,2,3,0,1.3,0.1,"3,00 mill. €"
238,Diego López,ESP,Delantero,Valencia,21,2002,14,12,1011,2,0,2,1,0,1.7,1.4,300 mil €
239,Fermin López,ESP,Centrocampista,Barcelona,20,2003,9,5,429,1,0,1,1,0,2.2,0.2,"8,00 mill. €"
240,Javi López,ESP,Defensa,Alavés,21,2002,10,5,600,0,3,3,1,0,0.1,1.6,200 mil €
241,Unai López,ESP,Centrocampista,Rayo Vallecano,28,1995,12,10,711,1,2,3,3,0,0.4,1.2,"3,50 mill. €"
242,Dion Lopy,SEN,Centrocampista,Almería,21,2002,12,10,839,0,0,0,1,0,0.1,0.3,"6,00 mill. €"
243,Anthony Lozano,HON,Centrocampista,Getafe,30,1993,5,0,81,0,0,0,1,0,0.2,0.0,"2,00 mill. €"
244,Lucas,BRA,Defensa,Cádiz,22,2001,8,4,462,1,0,1,2,0,0.5,0.1,"45,00 mill. €"
245,José Luis Gayà,ESP,Defensa,Valencia,28,1995,12,12,938,1,0,1,1,0,0.4,1.3,"30,00 mill. €"
246,José Luis Morales,ESP,Delantero,Villarreal,36,1987,9,3,387,3,0,3,0,0,2.6,0.0,"15,00 mill. €"
247,Dodi Lukebakio,BEL,Delantero,Sevilla,26,1997,10,7,617,2,1,3,0,0,2.1,0.2,"2,50 mill. €"
248,Andriy Lunin,UKR,PO,Real Madrid,24,1999,4,4,360,0,0,0,0,0,0.0,0.0,"5,00 mill. €"
249,Darwin Machís,VEN,Centrocampista,Cádiz,30,1993,11,7,546,3,0,3,0,1,1.3,0.6,"30,00 mill. €"
250,Pablo Maffeo,ESP,Defensa,Mallorca,26,1997,10,7,616,0,0,0,1,1,0.5,0.3,"3,00 mill. €"
251,Nemanja Maksimović,SRB,Centrocampista,Getafe,28,1995,14,14,1254,1,0,1,2,0,2.5,0.5,"6,00 mill. €"
252,Giorgi Mamardashvili,GEO,PO,Valencia,23,2000,14,14,1260,0,0,0,1,0,0.0,0.0,"8,00 mill. €"
253,Wilson Manafá,POR,Defensa,Granada,29,1994,3,2,177,0,0,0,1,0,0.0,0.3,"1,50 mill. €"
254,Aïssa Mandi,ALG,Defensa,Villarreal,32,1991,7,5,466,0,0,0,2,0,0.0,0.7,"1,80 mill. €"
255,Óscar de Marcos,ESP,Defensa,Athletic Club,34,1989,12,12,1023,1,3,4,3,0,0.6,2.2,300 mil €
256,José Mari,ESP,Centrocampista,Cádiz,35,1987,3,0,14,0,0,0,1,0,0.0,0.0,"35,00 mill. €"
257,José María Giménez,URU,Defensa,Atlético Madrid,28,1995,8,3,369,0,0,0,2,0,0.2,0.1,"3,50 mill. €"
258,Mariano,DOM,Delantero,Sevilla,30,1993,4,2,169,0,0,0,0,0,0.6,0.0,"3,00 mill. €"
259,Rafa Marín,ESP,Defensa,Alavés,21,2002,11,7,637,0,0,0,1,0,0.1,0.1,"35,00 mill. €"
260,Diego Mariño,ESP,PO,Almería,33,1990,1,1,90,0,0,0,0,0,0.0,0.0,"2,50 mill. €"
261,Mika Màrmol,ESP,Defensa,Las Palmas,21,2002,12,12,1038,0,0,0,4,1,0.0,0.0,"2,50 mill. €"
262,Roger Martí,ESP,Delantero,Cádiz,32,1991,12,10,813,1,2,3,1,0,1.9,2.1,"2,00 mill. €"
263,Iván Martín,ESP,Centrocampista,Girona,24,1999,13,12,962,3,0,3,3,0,1.9,0.5,"15,00 mill. €"
264,Arnau Martinez,ESP,Defensa,Girona,20,2003,10,9,703,0,2,2,3,0,0.2,1.3,"8,00 mill. €"
265,Iñigo Martínez,ESP,Defensa,Barcelona,32,1991,8,6,543,0,0,0,2,0,0.2,0.0,"4,00 mill. €"
266,Marvin,ESP,Delantero,Las Palmas,23,2000,10,4,475,0,1,1,1,0,0.4,0.7,700 mil €
267,Omar Mascarell,ESP,Centrocampista,Mallorca,30,1993,8,5,406,0,0,0,5,1,0.1,0.0,"6,00 mill. €"
268,Jaime Mata,ESP,Delantero,Getafe,35,1988,13,8,554,0,0,0,5,1,0.3,0.3,"1,20 mill. €"
269,Luís Maximiano,POR,PO,Almería,24,1999,11,11,990,0,0,0,1,0,0.0,0.0,"2,00 mill. €"
270,Borja Mayoral,ESP,Delantero,Getafe,26,1997,14,13,1080,8,1,9,2,0,6.3,0.6,"9,00 mill. €"
271,Mamadou Mbaye,SEN,Defensa,Cádiz,25,1998,1,0,56,0,0,0,0,0,0.0,0.0,800 mil €
272,Óscar Melendo,ESP,Centrocampista,Granada,26,1997,12,10,756,0,0,0,2,0,0.2,0.4,"1,00 mill. €"
273,Gonzalo Melero,ESP,Centrocampista,Almería,29,1994,13,7,626,0,1,1,2,0,0.6,0.7,"1,50 mill. €"
274,Memphis,NED,Delantero,Atlético Madrid,29,1994,5,2,148,2,0,2,0,0,2.4,0.2,"3,00 mill. €"
275,Houboulang Mendes,GNB,Defensa,Almería,25,1998,6,4,369,0,0,0,0,0,0.0,0.0,"14,00 mill. €"
276,Tomás Mendes,ESP,Centrocampista,Alavés,19,2004,1,0,6,0,0,0,0,0,0.0,0.0,"30,00 mill. €"
277,Brais Méndez,ESP,Centrocampista,Real Sociedad,26,1997,13,12,1084,2,3,5,5,0,1.4,1.3,100 mil €
278,Diego Méndez,ESP,Centrocampista,Rayo Vallecano,20,2003,1,0,5,0,0,0,0,0,0.0,0.0,"50,00 mill. €"
279,Ferland Mendy,FRA,Defensa,Real Madrid,28,1995,7,6,498,0,0,0,2,0,0.0,0.4,"1,20 mill. €"
280,Jorge Meré,ESP,Defensa,Cádiz,26,1997,6,4,328,0,0,0,0,0,0.1,0.0,"20,00 mill. €"
281,Mikel Merino,ESP,Centrocampista,Real Sociedad,27,1996,11,9,828,0,1,1,4,0,0.4,0.7,800 mil €
282,Omenuke Mfulu,COD,Centrocampista,Las Palmas,29,1994,4,1,69,0,0,0,1,0,0.0,0.0,200 mil €
283,Miguel,ESP,Delantero,Alavés,24,1999,3,1,65,0,0,0,0,0,0.1,0.0,"70,00 mill. €"
284,Éder Militão,BRA,Defensa,Real Madrid,25,1998,1,1,49,0,0,0,0,0,0.0,0.0,"32,00 mill. €"
285,Luis Milla,ESP,Centrocampista,Getafe,29,1994,4,2,222,0,0,0,0,0,0.1,0.1,"1,00 mill. €"
286,Marko Milovanović,SRB,Delantero,Almería,20,2003,2,0,28,0,0,0,0,0,0.0,0.0,-
287,Óscar Mingueza,ESP,Defensa,Celta Vigo,24,1999,14,13,1180,1,1,2,1,0,1.8,1.6,"1,40 mill. €"
288,Ignasi Miquel,ESP,Defensa,Granada,31,1992,14,14,1215,0,1,1,3,0,0.6,0.9,"3,00 mill. €"
289,Rafa Mir,ESP,Delantero,Sevilla,26,1997,9,2,193,1,0,1,1,0,0.6,0.3,"6,00 mill. €"
290,Juan Miranda,ESP,Defensa,Betis,23,2000,10,9,738,0,1,1,3,0,0.7,1.0,"9,00 mill. €"
291,Stefan Mitrović,SRB,Defensa,Getafe,33,1990,9,9,677,1,0,1,3,0,0.1,0.3,"3,00 mill. €"
292,Luka Modrić,CRO,Centrocampista,Real Madrid,38,1985,12,5,508,0,2,2,1,0,0.4,2.2,"5,00 mill. €"
293,Johan Mojica,COL,Defensa,Osasuna,31,1992,10,7,668,0,1,1,0,0,0.8,1.2,"2,00 mill. €"
294,Alberto Moleiro,ESP,Centrocampista,Las Palmas,20,2003,5,2,233,1,1,2,0,0,0.3,0.1,"10,00 mill. €"
295,Nahuel Molina,ARG,Defensa,Atlético Madrid,25,1998,10,8,708,2,1,3,0,0,0.7,1.1,"50,00 mill. €"
296,Jon Moncayola,ESP,Centrocampista,Osasuna,25,1998,12,7,616,0,1,1,1,0,0.1,0.9,"12,00 mill. €"
297,César Montes,MEX,Defensa,Almería,26,1997,5,5,423,0,0,0,2,0,0.1,0.0,"6,00 mill. €"
298,Álvaro Morata,ESP,Delantero,Atlético Madrid,31,1992,12,10,899,7,1,8,3,1,5.9,0.4,"20,00 mill. €"
299,Alberto Moreno,ESP,Defensa,Villarreal,31,1992,10,4,448,0,1,1,2,1,0.1,0.5,"2,00 mill. €"
300,Gerard Moreno,ESP,Delantero,Villarreal,31,1992,12,11,895,8,2,10,0,0,4.6,2.9,"2,50 mill. €"
301,Manu Morlanes,ESP,Centrocampista,Mallorca,24,1999,11,4,364,0,0,0,1,0,0.3,0.2,"15,00 mill. €"
302,Cristhian Mosquera,COL,Defensa,Valencia,19,2004,12,9,915,0,0,0,1,0,0.3,0.0,"2,00 mill. €"
303,Abdul Mumin,GHA,Defensa,Rayo Vallecano,25,1998,6,5,434,1,0,1,1,1,0.0,0.0,"6,00 mill. €"
304,Iker Muniain,ESP,Centrocampista,Athletic Club,30,1992,10,3,304,0,0,0,1,0,0.9,0.2,"9,00 mill. €"
305,Aihen Muñoz,ESP,Defensa,Real Sociedad,26,1997,14,10,1029,0,1,1,2,0,0.1,0.9,"5,00 mill. €"
306,Iker Muñoz,ESP,Centrocampista,Osasuna,21,2002,8,5,439,1,0,1,2,0,0.3,0.0,"1,50 mill. €"
307,Javier Muñoz,ESP,Centrocampista,Las Palmas,28,1995,14,10,899,0,1,1,1,0,0.7,0.6,"15,00 mill. €"
308,Vedat Muriqi,KVX,Delantero,Mallorca,29,1994,12,12,1057,4,2,6,0,0,5.6,1.7,-
309,Nacho,ESP,Defensa,Real Madrid,33,1990,9,4,472,0,0,0,1,1,0.3,0.1,"3,00 mill. €"
310,Matija Nastasić,SRB,Defensa,Mallorca,30,1993,9,9,810,0,0,0,3,0,0.0,0.0,"5,00 mill. €"
311,Roberto Navarro,ESP,Centrocampista,Cádiz,21,2002,6,4,248,0,0,0,0,1,0.5,0.2,"1,50 mill. €"
312,Jesús Navas,ESP,Defensa,Sevilla,38,1985,12,9,806,0,0,0,3,1,0.0,0.4,-
313,Álvaro Negredo,ESP,Delantero,Cádiz,38,1985,5,0,39,0,0,0,0,0,0.0,0.1,"1,00 mill. €"
314,Carlos Neva,ESP,Defensa,Granada,27,1996,14,14,1207,0,1,1,2,0,0.1,1.6,"2,00 mill. €"
315,Tanguy Nianzou,FRA,Defensa,Sevilla,21,2002,1,0,18,0,0,0,0,0,0.0,0.0,"6,00 mill. €"
316,Saúl Ñíguez,ESP,Centrocampista,Atlético Madrid,29,1994,13,7,653,0,4,4,2,0,0.9,2.9,"12,00 mill. €"
318,Unai Núñez,ESP,Defensa,Celta Vigo,26,1997,14,14,1259,1,0,1,4,0,0.9,0.4,"1,00 mill. €"
319,Ørjan Nyland,NOR,PO,Sevilla,33,1990,7,7,630,0,0,0,0,0,0.0,0.0,"1,50 mill. €"
320,Jan Oblak,SVN,PO,Atlético Madrid,30,1993,13,13,1170,0,0,0,1,0,0.0,0.0,"6,00 mill. €"
321,Brian Ocampo,URU,Centrocampista,Cádiz,24,1999,1,0,12,0,0,0,0,0,0.2,0.0,"35,00 mill. €"
322,Lucas Ocampos,ARG,Delantero,Sevilla,29,1994,12,11,963,1,1,2,3,0,1.4,1.4,"1,50 mill. €"
323,Álvaro Odriozola,ESP,Defensa,Real Sociedad,27,1995,1,0,45,0,0,0,0,0,0.0,0.0,"15,00 mill. €"
324,Olasagasti,ESP,Centrocampista,Real Sociedad,23,2000,3,0,32,0,0,0,1,0,0.2,0.1,"12,00 mill. €"
325,Samuel Omorodion,ESP,Delantero,Alavés,19,2004,12,5,551,4,0,4,2,0,5.3,0.5,"4,00 mill. €"
326,Aimar Oroz,ESP,Centrocampista,Osasuna,22,2001,14,14,1147,1,1,2,2,0,1.5,0.8,"6,00 mill. €"
327,Milutin Osmajić,MNE,Centrocampista,Cádiz,24,1999,1,0,5,0,0,0,0,0,0.1,0.0,"2,00 mill. €"
328,Mikel Oyarzabal,ESP,Delantero,Real Sociedad,26,1997,14,9,881,7,1,8,1,0,6.3,0.9,"40,00 mill. €"
329,Cenk Özkacar,TUR,Defensa,Valencia,23,2000,8,7,587,0,0,0,2,0,0.1,0.1,"8,00 mill. €"
330,Jon Pacheco,ESP,Defensa,Real Sociedad,22,2001,7,3,316,0,0,0,2,0,0.1,0.0,"5,00 mill. €"
331,Isaac Palazón Camacho,ESP,Centrocampista,Rayo Vallecano,28,1994,14,13,1072,2,1,3,2,0,2.3,0.9,"4,00 mill. €"
332,Aitor Paredes,ESP,Defensa,Athletic Club,23,2000,14,12,1065,0,0,0,4,0,0.4,0.1,"8,00 mill. €"
333,Daniel Parejo,ESP,Centrocampista,Villarreal,34,1989,13,13,1130,1,1,2,2,0,0.9,0.7,"2,50 mill. €"
334,Pascu,ESP,Delantero,Villarreal,20,2003,1,0,14,0,0,0,0,0,0.0,0.0,"15,00 mill. €"
335,Gabriel Paulista,BRA,Defensa,Valencia,33,1990,11,10,920,0,0,0,3,0,0.3,0.1,"12,00 mill. €"
336,Nicolás Paz,ARG,Centrocampista,Real Madrid,19,2004,2,0,12,0,0,0,0,0,0.0,0.0,"5,00 mill. €"
337,Alfonso Pedraza,ESP,Defensa,Villarreal,27,1996,9,8,599,0,2,2,2,1,0.2,1.6,"12,00 mill. €"
338,Pedri,ESP,Centrocampista,Barcelona,21,2002,5,4,356,1,0,1,2,0,1.3,1.5,"100,00 mill. €"
339,Adrià Pedrosa,ESP,Defensa,Sevilla,25,1998,11,6,682,0,2,2,1,0,0.3,1.2,"5,00 mill. €"
340,Iñaki Peña,ESP,PO,Barcelona,24,1999,1,1,90,0,0,0,0,0,0.0,0.0,"4,00 mill. €"
341,Rubén Peña,ESP,Defensa,Osasuna,32,1991,12,11,909,0,1,1,2,0,0.6,0.8,"6,00 mill. €"
342,Alberto Perea,ESP,Centrocampista,Granada,32,1990,2,0,2,0,0,0,0,0,0.0,0.1,"1,00 mill. €"
343,Ayoze Pérez,ESP,Delantero,Betis,30,1993,13,13,1045,4,1,5,1,0,4.0,1.9,"2,50 mill. €"
344,Carles Pérez,ESP,Centrocampista,Celta Vigo,25,1998,5,2,238,0,0,0,1,0,0.4,0.6,"5,00 mill. €"
345,Francisco Perez,ESP,Centrocampista,Valencia,21,2002,14,12,957,1,3,4,2,0,0.6,2.0,"5,00 mill. €"
346,Kike Pérez,ESP,Centrocampista,Rayo Vallecano,26,1997,11,4,385,1,0,1,2,0,1.6,0.1,"2,20 mill. €"
347,Máximo Perrone,ARG,Centrocampista,Las Palmas,20,2003,11,5,423,0,0,0,2,0,0.1,0.1,"3,50 mill. €"
348,Njegoš Petrović,SRB,Centrocampista,Granada,24,1999,7,0,91,0,0,0,0,0,0.0,0.1,"4,50 mill. €"
349,Germán Pezzella,ARG,Defensa,Betis,32,1991,13,13,1139,0,0,0,3,0,0.8,0.1,"10,00 mill. €"
351,Portu,ESP,Delantero,Getafe,31,1992,3,0,97,0,0,0,1,0,0.2,0.2,"3,00 mill. €"
352,Alejandro Pozo Pozo,ESP,Defensa,Almería,24,1999,9,4,403,0,0,0,0,0,0.0,0.5,"5,00 mill. €"
353,Beñat Prados,ESP,Centrocampista,Athletic Club,22,2001,7,0,132,0,0,0,0,0,0.3,0.0,"1,50 mill. €"
354,Abdón Prats,ESP,Delantero,Mallorca,30,1992,10,6,412,4,1,5,0,0,1.4,0.8,"2,00 mill. €"
355,Pubill,ESP,Defensa,Almería,20,2003,4,3,270,0,0,0,1,0,0.0,0.1,"2,50 mill. €"
356,Antonio Puertas,ESP,Centrocampista,Granada,31,1992,13,4,518,0,2,2,0,1,1.8,0.5,"3,00 mill. €"
357,Arnau Puigmal,ESP,Delantero,Almería,22,2001,8,3,234,0,0,0,3,0,0.0,0.2,"2,50 mill. €"
358,Antonio Raillo,ESP,Defensa,Mallorca,32,1991,3,2,179,1,0,1,0,0,0.1,0.0,"10,00 mill. €"
359,Predrag Rajković,SRB,PO,Mallorca,28,1995,13,13,1170,0,0,0,1,0,0.0,0.0,"2,00 mill. €"
360,Ivan Rakitić,CRO,Centrocampista,Sevilla,35,1988,12,11,999,2,1,3,3,0,1.1,2.6,"4,00 mill. €"
361,Largie Ramazani,BEL,Delantero,Almería,22,2001,14,8,807,2,4,6,4,0,2.4,4.1,"2,50 mill. €"
362,Benito Ramírez,ESP,Delantero,Las Palmas,28,1995,5,0,94,1,0,1,0,0,0.1,0.1,"6,00 mill. €"
363,Sandro Ramírez,ESP,Delantero,Las Palmas,28,1995,5,4,373,0,0,0,0,0,0.4,0.6,500 mil €
364,Chris Ramos,ESP,Delantero,Cádiz,26,1997,13,12,973,3,1,4,1,0,2.6,0.7,"1,80 mill. €"
365,Sergio Ramos,ESP,Defensa,Sevilla,37,1986,5,5,447,0,0,0,3,1,0.5,0.0,"1,50 mill. €"
366,Raphinha,BRA,Delantero,Barcelona,26,1996,10,3,294,2,1,3,1,1,1.5,1.4,"4,00 mill. €"
367,Andrei Ratiu,ROU,Defensa,Rayo Vallecano,25,1998,3,2,180,0,0,0,1,0,0.0,0.2,"60,00 mill. €"
368,Raúl,ESP,Delantero,Osasuna,23,2000,13,3,354,0,0,0,0,0,0.8,0.1,"2,50 mill. €"
369,Abderrahman Rebbach,ALG,Delantero,Alavés,25,1998,11,2,297,1,0,1,0,0,0.4,0.7,"25,00 mill. €"
370,Álex Remiro,ESP,PO,Real Sociedad,28,1995,14,14,1260,0,0,0,1,0,0.0,0.0,500 mil €
371,Chadi Riad,MAR,Defensa,Betis,20,2003,9,8,743,0,0,0,0,0,0.3,0.1,"1,00 mill. €"
372,Diego Rico,ESP,Defensa,Getafe,30,1993,10,10,888,0,5,5,4,0,0.2,1.5,"3,00 mill. €"
373,Luis Rioja,ESP,Delantero,Alavés,30,1993,14,13,1101,1,3,4,3,0,1.5,2.4,"3,00 mill. €"
374,Rodrigo Riquelme,ESP,Defensa,Atlético Madrid,23,2000,10,5,476,2,1,3,1,0,1.7,0.9,"18,00 mill. €"
375,Mihailo Ristić,SRB,Defensa,Celta Vigo,28,1995,4,4,355,0,0,0,0,0,0.0,0.1,"1,50 mill. €"
377,Sergi Roberto,ESP,Defensa,Barcelona,31,1992,4,2,190,1,0,1,0,0,0.6,0.0,"4,00 mill. €"
378,Lucas Robertone,ARG,Centrocampista,Almería,26,1997,11,10,742,0,4,4,4,0,0.4,1.2,"7,00 mill. €"
379,Marc Roca,ESP,Centrocampista,Betis,27,1996,13,12,999,2,1,3,1,0,0.9,0.8,"10,00 mill. €"
380,Rodri,ESP,Delantero,Betis,23,2000,11,5,522,0,0,0,0,0,0.8,0.4,"100,00 mill. €"
381,Óscar Rodríguez Arnaiz,ESP,Centrocampista,Getafe,25,1998,8,1,222,0,0,0,3,0,0.1,0.3,"28,00 mill. €"
382,Dani Rodríguez,ESP,Centrocampista,Mallorca,35,1988,13,12,1011,1,1,2,4,0,0.8,1.7,"2,50 mill. €"
383,Guido Rodríguez,ARG,Centrocampista,Betis,29,1994,13,12,985,1,0,1,5,0,0.3,0.7,"1,20 mill. €"
384,Kirian Rodríguez,ESP,Centrocampista,Las Palmas,27,1996,14,13,1147,2,0,2,4,0,0.4,0.4,"100,00 mill. €"
385,Miguel Rodríguez,ESP,Centrocampista,Celta Vigo,20,2003,7,0,70,0,0,0,1,0,0.1,0.1,200 mil €
386,Rodrygo,BRA,Delantero,Real Madrid,22,2001,14,11,966,5,4,9,0,0,5.8,1.4,"5,00 mill. €"
387,Carlos Romero,ESP,Defensa,Villarreal,22,2001,5,2,170,0,0,0,1,0,0.1,0.0,"5,00 mill. €"
388,Oriol Romeu,ESP,Centrocampista,Barcelona,32,1991,13,9,631,0,1,1,3,0,0.6,0.8,-
389,Antonio Rüdiger,GER,Defensa,Real Madrid,30,1993,13,12,1121,0,0,0,6,0,0.3,0.7,"32,00 mill. €"
390,Aitor Ruibal,ESP,Delantero,Betis,27,1996,6,3,243,0,1,1,2,0,0.3,1.0,"5,00 mill. €"
391,Sergio Ruiz,ESP,Centrocampista,Granada,28,1994,12,7,632,0,0,0,3,0,0.3,0.3,"1,00 mill. €"
392,Youssouf Sabaly,SEN,Defensa,Betis,30,1993,3,3,270,0,1,1,0,0,0.0,0.3,"5,00 mill. €"
393,Umar Sadiq,NGA,Delantero,Real Sociedad,26,1997,12,4,366,1,1,2,2,0,1.8,0.3,"16,00 mill. €"
394,Kike Salas,ESP,Defensa,Sevilla,21,2002,3,2,173,1,0,1,2,0,0.2,0.0,"2,20 mill. €"
395,Salvi,ESP,Centrocampista,Rayo Vallecano,32,1991,1,0,28,0,0,0,0,0,0.0,0.0,"2,00 mill. €"
396,Fede San Emeterio,ESP,Centrocampista,Cádiz,26,1997,3,2,138,1,0,1,1,1,0.1,0.1,-
397,Marciano Sanca,GNB,Delantero,Almería,19,2004,6,0,43,0,0,0,0,0,0.0,0.0,"2,50 mill. €"
398,Oihan Sancet,ESP,Centrocampista,Athletic Club,23,2000,12,11,877,3,3,6,2,2,2.8,2.0,"1,00 mill. €"
399,Ricard Sánchez,ESP,Defensa,Granada,23,2000,13,10,921,2,0,2,4,0,0.2,1.0,"30,00 mill. €"
400,Antonio Sánchez,ESP,Centrocampista,Mallorca,26,1997,9,7,464,1,1,2,1,0,0.8,0.5,"3,00 mill. €"
401,Juanlu Sánchez,ESP,Defensa,Sevilla,20,2003,7,4,361,0,2,2,1,0,0.2,0.6,-
402,Manu Sánchez,ESP,Defensa,Celta Vigo,23,2000,11,8,774,0,1,1,1,0,0.1,0.9,"8,00 mill. €"
403,Stefan Savić,MNE,Defensa,Atlético Madrid,32,1991,8,7,597,0,0,0,2,0,0.0,0.0,"6,00 mill. €"
404,Sávio,BRA,Centrocampista,Girona,19,2004,14,14,1129,4,4,8,1,0,2.0,3.2,"2,50 mill. €"
405,Aleksandar Sedlar,SRB,Defensa,Alavés,31,1991,11,11,946,1,0,1,2,0,0.3,0.1,500 mil €
406,André Silva,POR,Delantero,Real Sociedad,28,1995,2,0,31,0,0,0,0,0,0.2,0.0,"1,50 mill. €"
407,Rui Silva,POR,PO,Betis,29,1994,5,5,405,0,0,0,0,0,0.0,0.0,"8,00 mill. €"
408,Unai Simón,ESP,PO,Athletic Club,26,1997,14,14,1260,0,0,0,2,0,0.0,0.0,"12,00 mill. €"
409,Daley Sinkgraven,NED,Defensa,Las Palmas,28,1995,4,3,144,0,0,0,0,0,0.0,0.0,"1,20 mill. €"
410,Antonio Sivera,ESP,PO,Alavés,27,1996,14,14,1260,0,0,0,1,0,0.0,0.1,"25,00 mill. €"
411,Rubén Sobrino,ESP,Centrocampista,Cádiz,31,1992,11,2,373,0,0,0,5,0,0.0,0.1,"2,00 mill. €"
412,Alex Sola,ESP,Delantero,Alavés,24,1999,10,7,535,0,0,0,1,0,0.7,0.6,"3,00 mill. €"
413,Jhon Solis,COL,Centrocampista,Girona,19,2004,2,0,7,0,0,0,0,0,0.0,0.0,"8,00 mill. €"
414,David Soria,ESP,PO,Getafe,30,1993,14,14,1260,0,0,0,2,0,0.0,0.0,"3,00 mill. €"
415,Alberto Soro,ESP,Centrocampista,Granada,24,1999,1,0,8,0,0,0,0,0,0.0,0.0,500 mil €
416,Hugo Sotelo,ESP,Centrocampista,Celta Vigo,19,2003,7,3,271,0,0,0,0,0,0.1,0.1,"5,00 mill. €"
417,Boubakary Soumaré,FRA,Centrocampista,Sevilla,24,1999,7,5,437,0,0,0,3,0,0.0,0.0,"15,00 mill. €"
418,Djibril Sow,SUI,Centrocampista,Sevilla,26,1997,10,8,627,1,1,2,2,0,1.0,0.6,"1,50 mill. €"
419,Çağlar Söyüncü,TUR,Defensa,Atlético Madrid,27,1996,4,0,65,0,0,0,0,0,0.0,0.0,"22,00 mill. €"
420,Carl Starfelt,SWE,Defensa,Celta Vigo,28,1995,13,13,1170,1,0,1,2,0,1.1,0.1,"15,00 mill. €"
421,Jørgen Strand Larsen,NOR,Delantero,Celta Vigo,23,2000,14,14,1069,4,0,4,1,0,4.6,0.6,"12,00 mill. €"
422,Cristhian Stuani,URU,Delantero,Girona,37,1986,14,5,513,3,1,4,4,0,4.0,0.5,"2,00 mill. €"
423,Álex Suárez,ESP,Defensa,Las Palmas,30,1993,13,13,1107,0,0,0,2,0,0.1,0.1,"1,00 mill. €"
424,Damián Suárez,URU,Defensa,Getafe,35,1988,12,12,1018,0,1,1,4,0,0.2,0.5,"1,00 mill. €"
425,Denis Suárez,ESP,Centrocampista,Villarreal,29,1994,4,1,133,0,0,0,0,0,0.1,0.3,"2,50 mill. €"
426,Suso,ESP,Delantero,Sevilla,30,1993,11,7,613,1,1,2,2,0,1.0,2.0,"6,00 mill. €"
427,Williot Swedberg,SWE,Delantero,Celta Vigo,19,2004,6,0,53,1,0,1,0,0,0.3,0.0,150 mil €
428,Mamadou Sylla,SEN,Delantero,Alavés,29,1994,2,0,18,0,0,0,0,0,0.0,0.0,"1,00 mill. €"
429,Alexander Sørloth,NOR,Delantero,Villarreal,27,1995,13,13,976,6,1,7,1,0,4.6,0.8,"5,00 mill. €"
430,Renato Tapia,PER,Centrocampista,Celta Vigo,28,1995,6,2,199,0,0,0,3,1,0.1,0.0,"2,00 mill. €"
431,César Tárrega,ESP,Defensa,Valencia,21,2002,1,0,8,0,0,0,0,0,0.0,0.0,"90,00 mill. €"
432,Aurélien Tchouaméni,FRA,Centrocampista,Real Madrid,23,2000,11,10,841,1,0,1,2,0,0.7,0.3,"14,00 mill. €"
433,Nahuel Tenaglia,ARG,Defensa,Alavés,27,1996,6,1,99,0,0,0,0,0,0.0,0.0,"3,00 mill. €"
434,Marc-André ter Stegen,GER,PO,Barcelona,31,1992,13,13,1170,0,0,0,1,0,0.0,0.0,"35,00 mill. €"
435,Ramón Terrats,ESP,Centrocampista,Villarreal,23,2000,10,4,463,0,0,0,2,0,0.3,0.1,"25,00 mill. €"
436,Kieran Tierney,SCO,Defensa,Real Sociedad,26,1997,4,4,231,0,1,1,0,0,0.0,0.2,"4,00 mill. €"
437,Raúl de Tomás,ESP,Delantero,Rayo Vallecano,29,1994,11,7,552,0,2,2,3,0,1.1,1.2,"6,00 mill. €"
438,Pablo Torre,ESP,Centrocampista,Girona,20,2003,9,0,139,0,0,0,0,0,0.4,0.4,"2,50 mill. €"
439,Raúl Torrente,ESP,Defensa,Granada,22,2001,9,7,674,0,0,0,2,0,0.1,0.1,"35,00 mill. €"
440,Ferrán Torres,ESP,Delantero,Barcelona,23,2000,13,7,626,3,0,3,1,0,2.1,1.8,"2,50 mill. €"
441,Óliver Torres,ESP,Centrocampista,Sevilla,29,1994,10,6,557,0,0,0,3,0,0.3,0.4,"6,00 mill. €"
442,Lucas Torró,ESP,Centrocampista,Osasuna,29,1994,11,10,842,0,0,0,3,0,0.8,0.0,"1,50 mill. €"
443,Hamari Traoré,MLI,Defensa,Real Sociedad,31,1992,14,13,1091,0,2,2,4,0,0.1,1.0,"8,00 mill. €"
444,Óscar Trejo,ARG,Delantero,Rayo Vallecano,35,1988,13,8,596,0,0,0,2,0,0.5,0.5,"10,00 mill. €"
445,Manu Trigueros,ESP,Centrocampista,Villarreal,32,1991,4,1,124,0,0,0,0,0,0.4,0.0,"2,50 mill. €"
446,Viktor Tsyhankov,UKR,Centrocampista,Girona,26,1997,12,10,785,3,2,5,0,0,2.6,3.1,"9,00 mill. €"
447,Beñat Turrientes,ESP,Centrocampista,Real Sociedad,21,2002,9,6,466,0,0,0,1,0,0.6,0.4,"5,00 mill. €"
448,Myrto Uzuni,ALB,Delantero,Granada,28,1995,14,12,1023,5,0,5,1,0,4.9,0.9,"22,00 mill. €"
449,Óscar Valentín,ESP,Centrocampista,Rayo Vallecano,29,1994,13,12,1097,1,0,1,3,1,1.0,0.4,"5,00 mill. €"
450,Martin Valjent,SVK,Defensa,Mallorca,27,1995,13,13,1125,0,0,0,2,0,0.1,0.0,"4,50 mill. €"
451,Jesús Vallejo,ESP,Defensa,Granada,26,1997,2,1,97,0,0,0,1,0,0.0,0.0,"4,00 mill. €"
452,Álvaro Vallés,ESP,PO,Las Palmas,26,1997,14,14,1260,0,0,0,0,0,0.0,0.0,"100,00 mill. €"
453,Federico Valverde,URU,Centrocampista,Real Madrid,25,1998,14,13,1114,1,2,3,1,0,1.5,2.7,"4,00 mill. €"
454,Siebe Van Der Heyden,BEL,Defensa,Mallorca,25,1998,4,3,230,0,0,0,1,0,0.1,0.0,"8,00 mill. €"
455,José Luis García Vayá,ESP,Centrocampista,Valencia,25,1998,14,14,1232,2,0,2,2,0,1.9,1.6,"2,00 mill. €"
456,Jesus Vazquez,ESP,Centrocampista,Valencia,20,2003,2,0,25,0,0,0,0,0,0.0,0.0,"1,00 mill. €"
457,Kevin Vázquez,ESP,Defensa,Celta Vigo,30,1993,5,5,331,0,0,0,1,0,0.0,0.0,"2,00 mill. €"
458,Lucas Vázquez,ESP,Defensa,Real Madrid,32,1991,10,1,176,0,1,1,0,0,0.2,0.8,"6,00 mill. €"
459,Gabriel Veiga,ESP,Delantero,Celta Vigo,21,2002,1,0,18,0,0,0,0,0,0.0,0.0,"30,00 mill. €"
460,Mikel Vesga,ESP,Centrocampista,Athletic Club,30,1993,11,10,838,2,1,3,1,0,2.0,1.1,"1,50 mill. €"
461,Nacho Vidal,ESP,Delantero,Osasuna,28,1995,3,0,62,1,0,1,0,0,0.2,0.0,"6,00 mill. €"
462,Jonathan Viera,ESP,Centrocampista,Las Palmas,34,1989,9,7,617,2,1,3,1,0,2.3,1.0,"3,00 mill. €"
463,Asier Villalibre,ESP,Delantero,Athletic Club,26,1997,7,0,147,1,1,2,0,0,0.8,0.9,"2,50 mill. €"
464,Gonzalo Villar,ESP,Centrocampista,Granada,25,1998,13,7,652,1,3,4,4,0,1.1,1.0,"15,00 mill. €"
465,Iván Villar,ESP,PO,Celta Vigo,26,1997,10,10,834,0,0,0,0,1,0.0,0.1,"3,00 mill. €"
466,Daniel Vivian,ESP,Defensa,Athletic Club,24,1999,14,14,1244,0,0,0,2,0,0.5,0.6,"2,00 mill. €"
467,Shon Weissman,ISR,Delantero,Granada,27,1996,4,0,55,0,0,0,0,0,0.0,0.0,"2,80 mill. €"
468,Iñaki Williams,GHA,Delantero,Athletic Club,29,1994,14,14,1229,6,3,9,2,0,4.6,4.4,"40,00 mill. €"
469,Nico Williams,ESP,Delantero,Athletic Club,21,2002,11,11,802,1,5,6,1,0,2.7,3.1,-
470,Axel Witsel,BEL,Defensa,Atlético Madrid,34,1989,12,11,1009,1,0,1,0,0,0.8,0.3,"15,00 mill. €"
471,Xeber,ESP,Delantero,Alavés,26,1997,8,3,272,0,0,0,1,0,0.4,0.6,"25,00 mill. €"
472,Lamine Yamal,ESP,Delantero,Barcelona,16,2007,14,7,718,1,1,2,1,0,2.1,2.0,"4,00 mill. €"
473,Roman Yaremchuk,UKR,Delantero,Valencia,28,1995,8,2,178,0,0,0,0,0,0.2,0.1,"50,00 mill. €"
474,Arsen Zakharyan,RUS,Centrocampista,Real Sociedad,20,2003,8,2,207,0,0,0,0,0,0.1,0.4,"5,00 mill. €"
475,Joseba Zaldúa,ESP,Defensa,Cádiz,31,1992,2,2,139,0,0,0,0,0,0.0,0.0,"40,00 mill. €"
476,Bryan Zaragoza,ESP,Centrocampista,Granada,22,2001,13,10,937,5,2,7,5,0,2.7,2.0,"18,00 mill. €"
477,Igor Zubeldia,ESP,Defensa,Real Sociedad,26,1997,13,12,1081,0,0,0,6,0,0.2,0.6,"1,50 mill. €"
478,Martín Zubimendi,ESP,Centrocampista,Real Sociedad,24,1999,14,12,1158,2,1,3,2,0,1.2,1.0,"8,00 mill. €"
