Unnamed: 0_level_0,Unnamed: 1_level_0,Unnamed: 2_level_0,Unnamed: 3_level_0,Unnamed: 4_level_0,Unnamed: 5_level_0,Unnamed: 6_level_0,Tiempo Jugado,Tiempo Jugado,Tiempo Jugado,Tiempo Jugado,Rendimiento,Rendimiento,Rendimiento,Rendimiento,Rendimiento,Rendimiento,Rendimiento,Rendimiento,Expectativa,Expectativa,Expectativa,Expectativa,Progresión,Progresión,Progresión,Por 90 Minutos,Por 90 Minutos,Por 90 Minutos,Por 90 Minutos,Por 90 Minutos,Por 90 Minutos,Por 90 Minutos,Por 90 Minutos,Por 90 Minutos,Por 90 Minutos,Unnamed: 36_level_0
RL,Jugador,País,Posc,Equipo,Edad,Nacimiento,PJ,Titular,Mín,90 s,Gls.,Ass,G+A,G-TP,TP,TPint,TA,TR,xG,npxG,xAG,npxG+xAG,PrgC,PrgP,PrgR,Gls.,Ast,G+A,G-TP,G+A-TP,xG,xAG,xG+xAG,npxG,npxG+xAG,Partidos
1,Antonio Adán,es ESP,PO,Atlético Madrid,31,1987,1,1,90,1.0,0,0,0,0,0,0,1,0,0.0,0.0,0.0,0.0,0,0,0,0.00,0.00,0.00,0.00,0.00,0.00,0.00,0.00,0.00,0.00,Partidos
2,Aday,es ESP,"DF,CC",Girona,30,1987,10,8,645,7.2,0,2,2,0,0,0,2,0,0.3,0.3,1.5,1.8,35,11,40,0.00,0.28,0.28,0.00,0.28,0.04,0.21,0.25,0.04,0.25,Partidos
3,Aritz Aduriz,es ESP,DL,Athletic Club,37,1981,20,10,943,10.5,2,0,2,0,2,2,5,0,3.3,1.8,0.7,2.5,8,15,57,0.19,0.00,0.19,0.00,0.00,0.32,0.07,0.38,0.17,0.23,Partidos
4,Luis Advíncula,pe PER,DF,Rayo Vallecano,28,1990,28,27,2389,26.5,1,3,4,1,0,0,6,2,1.1,1.1,2.4,3.5,51,90,136,0.04,0.11,0.15,0.04,0.15,0.04,0.09,0.13,0.04,0.13,Partidos
5,Martin Agirregabiria,es ESP,DF,Alavés,22,1996,27,23,2032,22.6,0,0,0,0,0,0,4,0,0.0,0.0,0.5,0.5,36,89,56,0.00,0.00,0.00,0.00,0.00,0.00,0.02,0.02,0.00,0.02,Partidos
6,Juan Aguilera,es ESP,CC,Huesca,32,1985,6,4,344,3.8,0,0,0,0,0,0,1,0,0.5,0.5,0.0,0.5,8,21,2,0.00,0.00,0.00,0.00,0.00,0.14,0.00,0.14,0.14,0.14,Partidos
7,Carlos Akapo,gq EQG,DF,Huesca,25,1993,13,12,1023,11.4,0,0,0,0,0,0,2,0,0.2,0.2,0.2,0.4,33,34,28,0.00,0.00,0.00,0.00,0.00,0.02,0.02,0.04,0.02,0.04,Partidos
8,Sergio Akieme,es ESP,DF,Rayo Vallecano,20,1997,2,2,180,2.0,0,1,1,0,0,0,0,0,0.0,0.0,0.1,0.1,5,7,9,0.00,0.50,0.50,0.00,0.50,0.00,0.03,0.03,0.00,0.03,Partidos
9,Jordi Alba,es ESP,DF,Barcelona,29,1989,36,32,2991,33.2,2,8,10,2,0,0,6,0,1.8,1.8,6.7,8.5,63,207,372,0.06,0.24,0.30,0.06,0.30,0.05,0.20,0.25,0.05,0.25,Partidos
10,Pedro Alcalá,es ESP,DF,Girona,29,1989,25,20,1868,20.8,1,1,2,1,0,0,9,0,1.0,1.0,0.6,1.6,13,47,3,0.05,0.05,0.10,0.05,0.10,0.05,0.03,0.08,0.05,0.08,Partidos
11,Rubén Alcaraz,es ESP,CC,Valladolid,27,1991,34,34,2976,33.1,3,2,5,3,0,1,13,0,3.5,2.7,0.9,3.6,45,181,21,0.09,0.06,0.15,0.09,0.15,0.10,0.03,0.13,0.08,0.11,Partidos
12,Álex Alegría,es ESP,"DL,CC",Rayo Vallecano,25,1992,9,0,140,1.6,0,0,0,0,0,0,0,0,0.2,0.2,0.4,0.6,4,5,7,0.00,0.00,0.00,0.00,0.00,0.16,0.24,0.40,0.16,0.40,Partidos
13,Iván Alejo,es ESP,CC,Getafe,23,1995,4,2,146,1.6,0,0,0,0,0,0,2,1,0.0,0.0,0.6,0.6,7,3,10,0.00,0.00,0.00,0.00,0.00,0.02,0.35,0.36,0.02,0.36,Partidos
14,Carles Aleñá,es ESP,CC,Barcelona,20,1998,17,6,637,7.1,2,0,2,2,0,0,2,0,1.3,1.3,0.7,2.0,18,65,38,0.28,0.00,0.28,0.28,0.28,0.18,0.10,0.28,0.18,0.28,Partidos
15,Alexander,ar ARG,DL,Leganés,29,1988,1,0,10,0.1,0,0,0,0,0,0,0,0,0.0,0.0,0.0,0.0,0,0,3,0.00,0.00,0.00,0.00,0.00,0.00,0.00,0.00,0.00,0.00,Partidos
16,Júnior Alonso,py PAR,"DF,CC",Celta Vigo,25,1993,9,6,536,6.0,0,0,0,0,0,0,2,0,0.4,0.4,0.2,0.5,6,21,19,0.00,0.00,0.00,0.00,0.00,0.06,0.03,0.09,0.06,0.09,Partidos
17,Sergio Álvarez,es ESP,"DF,CC",Eibar,26,1992,19,12,1069,11.9,0,0,0,0,0,0,1,0,0.2,0.2,0.1,0.3,7,29,3,0.00,0.00,0.00,0.00,0.00,0.02,0.01,0.03,0.02,0.03,Partidos
18,Sergio Álvarez,es ESP,PO,Celta Vigo,31,1986,13,13,1170,13.0,0,0,0,0,0,0,1,0,0.0,0.0,0.0,0.0,0,0,0,0.00,0.00,0.00,0.00,0.00,0.00,0.00,0.00,0.00,0.00,Partidos
19,Yeray Álvarez,es ESP,DF,Athletic Club,23,1995,30,30,2613,29.0,0,0,0,0,0,0,10,0,1.3,1.0,0.1,1.1,18,93,2,0.00,0.00,0.00,0.00,0.00,0.04,0.00,0.05,0.03,0.04,Partidos
20,Ibrahim Amadou,fr FRA,"CC,DF",Sevilla,25,1993,17,7,762,8.5,0,0,0,0,0,0,2,0,0.4,0.4,0.1,0.5,3,25,13,0.00,0.00,0.00,0.00,0.00,0.05,0.01,0.06,0.05,0.06,Partidos
21,Jordi Amat,id IDN,DF,Rayo Vallecano,26,1992,31,31,2763,30.7,0,0,0,0,0,0,9,0,0.5,0.5,0.4,0.9,22,95,3,0.00,0.00,0.00,0.00,0.00,0.02,0.01,0.03,0.02,0.03,Partidos
22,Amath,sn SEN,CC,Getafe,22,1996,15,13,1002,11.1,1,2,3,1,0,0,4,0,1.2,1.2,1.5,2.7,30,30,72,0.09,0.18,0.27,0.09,0.27,0.11,0.14,0.25,0.11,0.25,Partidos
23,José Ángel,es ESP,DF,Eibar,28,1989,35,34,3028,33.6,1,1,2,1,0,0,10,0,0.7,0.7,5.7,6.4,78,195,75,0.03,0.03,0.06,0.03,0.06,0.02,0.17,0.19,0.02,0.19,Partidos
24,Miguel Ángel Moyá,es ESP,PO,Real Sociedad,34,1984,11,11,990,11.0,0,0,0,0,0,0,1,0,0.0,0.0,0.0,0.0,0,0,0,0.00,0.00,0.00,0.00,0.00,0.00,0.00,0.00,0.00,0.00,Partidos
25,Antoñito,es ESP,"DF,CC",Valladolid,30,1987,30,18,1863,20.7,2,1,3,2,0,0,5,0,1.0,1.0,1.9,2.9,56,71,136,0.10,0.05,0.14,0.10,0.14,0.05,0.09,0.14,0.05,0.14,Partidos
RL,Jugador,País,Posc,Equipo,Edad,Nacimiento,PJ,Titular,Mín,90 s,Gls.,Ass,G+A,G-TP,TP,TPint,TA,TR,xG,npxG,xAG,npxG+xAG,PrgC,PrgP,PrgR,Gls.,Ast,G+A,G-TP,G+A-TP,xG,xAG,xG+xAG,npxG,npxG+xAG,Partidos
26,Vitorino Antunes,pt POR,"DF,CC",Getafe,31,1987,28,25,2181,24.2,1,3,4,1,0,0,5,0,1.0,1.0,3.1,4.1,45,99,54,0.04,0.12,0.17,0.04,0.17,0.04,0.13,0.17,0.04,0.17,Partidos
27,Anuar,ma MAR,"CC,DL",Valladolid,23,1995,19,12,1081,12.0,1,0,1,1,0,0,6,0,2.7,2.7,0.1,2.7,15,35,15,0.08,0.00,0.08,0.08,0.08,0.22,0.01,0.23,0.22,0.23,Partidos
28,Emmanuel Apeh,ng NGA,"DL,CC",Celta Vigo,21,1996,2,0,14,0.2,0,0,0,0,0,0,0,0,0.0,0.0,0.0,0.0,0,0,3,0.00,0.00,0.00,0.00,0.00,0.00,0.26,0.26,0.00,0.26,Partidos
29,Mauro Arambarri,uy URU,CC,Getafe,22,1995,33,32,2676,29.7,1,2,3,1,0,0,8,0,1.3,1.3,1.5,2.8,16,96,24,0.03,0.07,0.10,0.03,0.10,0.05,0.05,0.10,0.05,0.10,Partidos
30,Guilherme Arana,br BRA,DF,Sevilla,21,1997,9,8,629,7.0,0,0,0,0,0,0,3,0,0.9,0.9,0.0,1.0,15,13,27,0.00,0.00,0.00,0.00,0.00,0.14,0.00,0.14,0.14,0.14,Partidos
31,Néstor Araujo,mx MEX,DF,Celta Vigo,26,1991,32,30,2682,29.8,3,0,3,3,0,0,3,1,1.3,1.3,0.3,1.6,4,61,5,0.10,0.00,0.10,0.10,0.10,0.04,0.01,0.05,0.04,0.05,Partidos
32,Anaitz Arbilla,es ESP,DF,Eibar,31,1987,25,22,1950,21.7,1,2,3,1,0,0,6,1,0.9,0.9,1.1,1.9,26,109,7,0.05,0.09,0.14,0.05,0.14,0.04,0.05,0.09,0.04,0.09,Partidos
33,Santiago Arias,co COL,DF,Atlético Madrid,26,1992,25,20,1772,19.7,1,1,2,1,0,0,4,0,0.4,0.4,1.3,1.8,39,84,113,0.05,0.05,0.10,0.05,0.10,0.02,0.07,0.09,0.02,0.09,Partidos
34,José Arnaiz,es ESP,"CC,DL",Leganés,23,1995,6,0,113,1.3,0,0,0,0,0,0,0,0,0.1,0.1,0.1,0.1,4,2,13,0.00,0.00,0.00,0.00,0.00,0.05,0.05,0.10,0.05,0.10,Partidos
35,Sergio Asenjo,es ESP,PO,Villarreal,29,1989,32,32,2880,32.0,0,0,0,0,0,0,0,0,0.0,0.0,0.0,0.0,0,1,0,0.00,0.00,0.00,0.00,0.00,0.00,0.00,0.00,0.00,0.00,Partidos
36,Marco Asensio,es ESP,DL,Real Madrid,22,1996,30,19,1779,19.8,1,4,5,1,0,0,3,0,4.1,4.1,5.0,9.1,116,95,228,0.05,0.20,0.25,0.05,0.25,0.21,0.25,0.46,0.21,0.46,Partidos
37,Iago Aspas,es ESP,"DL,CC",Celta Vigo,30,1987,27,26,2251,25.0,20,6,26,15,5,5,5,0,11.9,7.9,6.7,14.6,81,89,201,0.80,0.24,1.04,0.60,0.84,0.48,0.27,0.74,0.32,0.58,Partidos
38,Ezequiel Ávila,ar ARG,"DL,CC",Huesca,24,1994,34,20,1997,22.2,10,2,12,9,1,1,12,1,6.8,6.1,3.6,9.7,55,78,131,0.45,0.09,0.54,0.41,0.50,0.31,0.16,0.47,0.27,0.44,Partidos
39,Abdoulaye Ba,sn SEN,DF,Rayo Vallecano,27,1991,26,25,2110,23.4,1,0,1,1,0,0,4,2,1.3,1.3,0.1,1.4,5,44,3,0.04,0.00,0.04,0.04,0.04,0.05,0.00,0.06,0.05,0.06,Partidos
40,Carlos Bacca,co COL,DL,Villarreal,31,1986,33,12,1270,14.1,6,1,7,5,1,1,3,0,4.6,3.8,1.6,5.5,21,24,89,0.43,0.07,0.50,0.35,0.43,0.33,0.12,0.44,0.27,0.39,Partidos
41,Gareth Bale,wls WAL,DL,Real Madrid,29,1989,29,21,1786,19.8,8,3,11,7,1,1,4,0,9.1,8.3,2.9,11.3,73,62,205,0.40,0.15,0.55,0.35,0.50,0.46,0.15,0.61,0.42,0.57,Partidos
42,Mikel Balenziaga,es ESP,DF,Athletic Club,30,1988,11,6,523,5.8,0,0,0,0,0,0,0,0,0.0,0.0,0.7,0.7,7,11,9,0.00,0.00,0.00,0.00,0.00,0.00,0.12,0.13,0.00,0.13,Partidos
43,Éver Banega,ar ARG,CC,Sevilla,30,1988,32,32,2667,29.6,3,5,8,1,2,2,17,2,2.8,1.2,4.0,5.2,50,318,58,0.10,0.17,0.27,0.03,0.20,0.09,0.13,0.23,0.04,0.17,Partidos
44,Léo Baptistão,br BRA,"DL,CC",Espanyol,25,1992,20,14,1233,13.7,2,2,4,1,1,1,3,0,5.0,4.3,1.4,5.6,36,30,97,0.15,0.15,0.29,0.07,0.22,0.37,0.10,0.47,0.31,0.41,Partidos
45,Enis Bardhi,mk MKD,CC,Levante,23,1995,36,31,2836,31.5,3,4,7,3,0,0,6,0,3.6,3.6,3.8,7.4,68,150,128,0.10,0.13,0.22,0.10,0.22,0.12,0.12,0.24,0.12,0.24,Partidos
46,Antonio Barragán,es ESP,"DF,DL",Betis,31,1987,14,12,934,10.4,0,0,0,0,0,0,4,0,0.1,0.1,0.5,0.6,21,44,99,0.00,0.00,0.00,0.00,0.00,0.01,0.05,0.06,0.01,0.06,Partidos
47,Ander Barrenetxea,es ESP,"DL,CC",Real Sociedad,16,2001,9,5,399,4.4,1,0,1,1,0,0,0,0,0.5,0.5,0.3,0.8,14,9,30,0.23,0.00,0.23,0.23,0.23,0.11,0.07,0.18,0.11,0.18,Partidos
48,Marc Bartra,es ESP,DF,Betis,27,1991,33,33,2928,32.5,1,0,1,1,0,0,4,0,0.7,0.7,0.1,0.8,32,109,10,0.03,0.00,0.03,0.03,0.03,0.02,0.00,0.02,0.02,0.02,Partidos
49,Borja Bastón,es ESP,DL,Alavés,25,1992,27,18,1439,16.0,5,1,6,5,0,0,4,0,6.2,6.2,1.3,7.5,10,16,75,0.31,0.06,0.38,0.31,0.38,0.39,0.08,0.47,0.39,0.47,Partidos
50,Michy Batshuayi,be BEL,DL,Valencia,24,1993,15,4,527,5.9,1,0,1,1,0,0,3,0,1.4,1.4,0.8,2.2,9,8,36,0.17,0.00,0.17,0.17,0.17,0.23,0.14,0.37,0.23,0.37,Partidos
RL,Jugador,País,Posc,Equipo,Edad,Nacimiento,PJ,Titular,Mín,90 s,Gls.,Ass,G+A,G-TP,TP,TPint,TA,TR,xG,npxG,xAG,npxG+xAG,PrgC,PrgP,PrgR,Gls.,Ast,G+A,G-TP,G+A-TP,xG,xAG,xG+xAG,npxG,npxG+xAG,Partidos
51,Jon Bautista,es ESP,DL,Real Sociedad,23,1995,18,4,597,6.6,1,0,1,1,0,0,1,0,2.7,2.7,0.9,3.6,4,6,27,0.15,0.00,0.15,0.15,0.15,0.41,0.13,0.55,0.41,0.55,Partidos
52,Bebé,cv CPV,"DL,CC",Rayo Vallecano,28,1990,27,13,1302,14.5,1,1,2,1,0,0,6,0,2.2,2.2,3.4,5.6,78,34,105,0.07,0.07,0.14,0.07,0.14,0.15,0.24,0.38,0.15,0.38,Partidos
53,Bebé,cv CPV,CC,Eibar,28,1990,2,1,62,0.7,0,0,0,0,0,0,0,0,0.1,0.1,0.1,0.2,4,1,11,0.00,0.00,0.00,0.00,0.00,0.17,0.09,0.25,0.17,0.25,Partidos
54,Fran Beltrán,es ESP,CC,Celta Vigo,19,1999,30,16,1517,16.9,1,0,1,1,0,0,3,0,1.2,1.2,0.8,2.0,15,67,29,0.06,0.00,0.06,0.06,0.06,0.07,0.05,0.12,0.07,0.12,Partidos
55,Wissam Ben Yedder,fr FRA,DL,Sevilla,27,1990,35,31,2812,31.2,18,9,27,16,2,2,3,0,18.0,16.4,7.4,23.9,72,100,249,0.58,0.29,0.86,0.51,0.80,0.58,0.24,0.81,0.53,0.76,Partidos
56,Karim Benzema,fr FRA,DL,Real Madrid,30,1987,36,35,2953,32.8,21,6,27,18,3,3,1,0,17.7,15.3,6.0,21.3,110,135,273,0.64,0.18,0.82,0.55,0.73,0.54,0.18,0.72,0.47,0.65,Partidos
57,Yuri Berchiche,es ESP,"DF,DL",Athletic Club,28,1990,35,35,3120,34.7,2,2,4,2,0,0,8,0,1.2,1.2,2.0,3.2,90,137,138,0.06,0.06,0.12,0.06,0.12,0.03,0.06,0.09,0.03,0.09,Partidos
58,Markel Bergara,es ESP,CC,Getafe,32,1986,3,0,53,0.6,0,0,0,0,0,0,0,0,0.0,0.0,0.0,0.0,1,2,2,0.00,0.00,0.00,0.00,0.00,0.00,0.00,0.00,0.00,0.00,Partidos
59,Pedro Bigas,es ESP,DF,Eibar,27,1990,10,7,585,6.5,0,1,1,0,0,0,1,0,0.2,0.2,0.3,0.5,6,34,0,0.00,0.15,0.15,0.00,0.15,0.03,0.05,0.08,0.03,0.08,Partidos
60,Alejandro Blanco,es ESP,"DL,CC",Alavés,19,1998,2,0,16,0.2,0,0,0,0,0,0,0,0,0.0,0.0,0.0,0.0,0,0,2,0.00,0.00,0.00,0.00,0.00,0.00,0.00,0.00,0.00,0.00,Partidos
61,Rubén Blanco,es ESP,PO,Celta Vigo,23,1995,25,25,2250,25.0,0,0,0,0,0,0,2,0,0.0,0.0,0.1,0.1,0,0,0,0.00,0.00,0.00,0.00,0.00,0.00,0.01,0.01,0.00,0.01,Partidos
62,Pablo de Blasis,ar ARG,"DF,CC",Eibar,30,1988,24,16,1520,16.9,2,0,2,2,0,0,2,1,0.9,0.9,2.4,3.3,36,79,86,0.12,0.00,0.12,0.12,0.12,0.05,0.14,0.20,0.05,0.20,Partidos
63,Emmanuel Boateng,gh GHA,DL,Levante,22,1996,16,7,699,7.8,1,0,1,1,0,0,2,0,1.2,1.2,0.1,1.2,9,3,38,0.13,0.00,0.13,0.13,0.13,0.15,0.01,0.16,0.15,0.16,Partidos
64,Kevin-Prince Boateng,gh GHA,DL,Barcelona,31,1987,3,3,239,2.7,0,0,0,0,0,0,1,0,0.2,0.2,0.1,0.2,0,2,17,0.00,0.00,0.00,0.00,0.00,0.06,0.02,0.08,0.06,0.08,Partidos
65,Daniele Bonera,it ITA,DF,Villarreal,37,1981,5,4,230,2.6,0,0,0,0,0,0,1,0,0.0,0.0,0.0,0.0,1,3,0,0.00,0.00,0.00,0.00,0.00,0.00,0.00,0.00,0.00,0.00,Partidos
66,Ryad Boudebouz,dz ALG,"CC,DL",Celta Vigo,28,1990,11,8,717,8.0,1,2,3,1,0,0,2,1,1.5,1.5,2.5,4.0,18,40,56,0.13,0.25,0.38,0.13,0.38,0.19,0.31,0.51,0.19,0.51,Partidos
67,Ryad Boudebouz,dz ALG,"CC,DL",Betis,28,1990,9,6,539,6.0,0,0,0,0,0,0,1,0,0.5,0.5,1.0,1.5,13,43,46,0.00,0.00,0.00,0.00,0.00,0.08,0.17,0.24,0.08,0.24,Partidos
68,Sofiane Boufal,ma MAR,"CC,DL",Celta Vigo,24,1993,35,25,2085,23.2,3,3,6,3,0,0,6,0,3.4,3.4,3.6,6.9,154,95,126,0.13,0.13,0.26,0.13,0.26,0.14,0.15,0.30,0.14,0.30,Partidos
69,Yassine Bounou,ma MAR,PO,Girona,27,1991,32,32,2861,31.8,0,0,0,0,0,0,2,0,0.1,0.1,0.0,0.1,0,0,0,0.00,0.00,0.00,0.00,0.00,0.00,0.00,0.00,0.00,0.00,Partidos
70,Martin Braithwaite,dk DEN,DL,Leganés,27,1991,19,16,1402,15.6,4,5,9,4,0,0,5,0,5.1,5.1,1.4,6.6,24,23,75,0.26,0.32,0.58,0.26,0.58,0.33,0.09,0.42,0.33,0.42,Partidos
71,Darko Brašanac,rs SRB,CC,Alavés,26,1992,24,17,1580,17.6,0,1,1,0,0,0,5,0,0.6,0.6,0.4,1.0,24,67,28,0.00,0.06,0.06,0.00,0.06,0.03,0.03,0.06,0.03,0.06,Partidos
72,Rajko Brežančić,rs SRB,DF,Huesca,28,1989,1,0,67,0.7,0,0,0,0,0,0,0,0,0.0,0.0,0.0,0.0,0,4,3,0.00,0.00,0.00,0.00,0.00,0.00,0.00,0.00,0.00,0.00,Partidos
73,Burgui,es ESP,"CC,DL",Alavés,24,1993,16,5,555,6.2,1,0,1,1,0,0,1,0,0.8,0.8,0.5,1.3,13,28,39,0.16,0.00,0.16,0.16,0.16,0.13,0.09,0.21,0.13,0.21,Partidos
74,Sergio Busquets,es ESP,CC,Barcelona,30,1988,35,30,2715,30.2,0,1,1,0,0,0,10,0,0.4,0.4,1.5,1.9,12,198,13,0.00,0.03,0.03,0.00,0.03,0.01,0.05,0.06,0.01,0.06,Partidos
75,Unai Bustinza,es ESP,DF,Leganés,26,1992,25,24,2023,22.5,0,1,1,0,0,0,11,1,0.3,0.3,0.7,1.0,26,89,15,0.00,0.04,0.04,0.00,0.04,0.01,0.03,0.04,0.01,0.04,Partidos
RL,Jugador,País,Posc,Equipo,Edad,Nacimiento,PJ,Titular,Mín,90 s,Gls.,Ass,G+A,G-TP,TP,TPint,TA,TR,xG,npxG,xAG,npxG+xAG,PrgC,PrgP,PrgR,Gls.,Ast,G+A,G-TP,G+A-TP,xG,xAG,xG+xAG,npxG,npxG+xAG,Partidos
76,Erick Cabaco,uy URU,DF,Levante,23,1995,21,20,1632,18.1,2,0,2,2,0,0,11,2,1.5,1.5,0.1,1.6,20,65,2,0.11,0.00,0.11,0.11,0.11,0.08,0.01,0.09,0.08,0.09,Partidos
77,Gustavo Cabral,ar ARG,DF,Celta Vigo,32,1985,24,21,1897,21.1,0,0,0,0,0,0,6,2,1.6,1.6,0.3,2.0,4,44,3,0.00,0.00,0.00,0.00,0.00,0.08,0.02,0.09,0.08,0.09,Partidos
78,Leandro Cabrera,uy URU,DF,Getafe,27,1991,32,31,2794,31.0,2,0,2,2,0,0,11,1,2.3,2.3,0.8,3.1,19,96,13,0.06,0.00,0.06,0.06,0.06,0.07,0.03,0.10,0.07,0.10,Partidos
79,Jordi Calavera,es ESP,DF,Eibar,22,1995,1,0,1,0.0,0,0,0,0,0,0,0,0,0.0,0.0,0.0,0.0,0,0,0,0.00,0.00,0.00,0.00,0.00,0.00,0.00,0.00,0.00,0.00,Partidos
80,Fernando Calero,es ESP,DF,Valladolid,22,1995,36,35,3130,34.8,1,0,1,1,0,0,7,0,0.8,0.8,0.3,1.1,19,102,7,0.03,0.00,0.03,0.03,0.03,0.02,0.01,0.03,0.02,0.03,Partidos
81,Jonathan Calleri,ar ARG,DL,Alavés,24,1993,34,33,2869,31.9,9,2,11,7,2,2,6,0,8.5,6.9,3.6,10.5,63,76,189,0.28,0.06,0.35,0.22,0.28,0.27,0.11,0.38,0.22,0.33,Partidos
82,Juanjo Camacho,es ESP,"CC,DF",Huesca,37,1980,3,0,37,0.4,0,0,0,0,0,0,0,0,0.1,0.1,0.2,0.3,0,2,3,0.00,0.00,0.00,0.00,0.00,0.31,0.38,0.68,0.31,0.68,Partidos
83,Sergio Camello,es ESP,DL,Atlético Madrid,17,2001,1,0,45,0.5,1,0,1,1,0,0,0,0,0.8,0.8,0.0,0.8,1,0,4,2.00,0.00,2.00,2.00,2.00,1.57,0.10,1.67,1.57,1.67,Partidos
84,José Campaña,es ESP,CC,Levante,25,1993,36,36,3210,35.7,4,9,13,4,0,0,11,0,1.8,1.8,5.1,7.0,87,215,84,0.11,0.25,0.36,0.11,0.36,0.05,0.14,0.20,0.05,0.20,Partidos
85,Sergio Canales,es ESP,CC,Betis,27,1991,32,30,2655,29.5,7,2,9,5,2,2,5,0,7.0,5.4,4.8,10.2,113,181,182,0.24,0.07,0.31,0.17,0.24,0.24,0.16,0.40,0.18,0.34,Partidos
86,Ander Capa,es ESP,"DF,DL",Athletic Club,26,1992,25,17,1642,18.2,0,0,0,0,0,0,9,0,0.5,0.5,1.0,1.5,70,70,107,0.00,0.00,0.00,0.00,0.00,0.03,0.06,0.08,0.03,0.08,Partidos
87,Marc Cardona,es ESP,"DL,CC",Eibar,23,1995,17,6,604,6.7,3,1,4,3,0,0,1,0,3.4,3.4,0.7,4.1,13,9,66,0.45,0.15,0.60,0.45,0.60,0.50,0.11,0.61,0.50,0.61,Partidos
88,Daniel Carriço,pt POR,DF,Sevilla,29,1988,24,24,2130,23.7,1,1,2,1,0,0,10,0,0.5,0.5,0.3,0.8,14,65,2,0.04,0.04,0.08,0.04,0.08,0.02,0.01,0.04,0.02,0.04,Partidos
89,Guido Carrillo,ar ARG,DL,Leganés,27,1991,32,23,1992,22.1,6,1,7,5,1,3,5,0,9.1,6.7,1.4,8.1,6,55,76,0.27,0.05,0.32,0.23,0.27,0.41,0.06,0.47,0.30,0.37,Partidos
90,Dani Carvajal,es ESP,DF,Real Madrid,26,1992,24,23,2107,23.4,1,2,3,1,0,0,10,0,0.4,0.4,3.6,3.9,72,121,152,0.04,0.09,0.13,0.04,0.13,0.02,0.15,0.17,0.02,0.17,Partidos
91,William Carvalho,pt POR,CC,Betis,26,1992,30,26,2385,26.5,0,5,5,0,0,0,7,0,0.5,0.5,1.8,2.4,47,199,31,0.00,0.19,0.19,0.00,0.19,0.02,0.07,0.09,0.02,0.09,Partidos
92,Casemiro,br BRA,CC,Real Madrid,26,1992,29,27,2312,25.7,3,0,3,3,0,0,7,1,2.6,2.6,0.9,3.5,15,111,23,0.12,0.00,0.12,0.12,0.12,0.10,0.03,0.14,0.10,0.14,Partidos
93,Santiago Cáseres,ar ARG,CC,Villarreal,21,1997,23,17,1588,17.6,0,1,1,0,0,0,10,0,0.5,0.5,1.1,1.6,11,101,11,0.00,0.06,0.06,0.00,0.06,0.03,0.06,0.09,0.03,0.09,Partidos
94,Catena,es ESP,DF,Rayo Vallecano,23,1994,2,2,176,2.0,0,0,0,0,0,0,1,0,0.2,0.2,0.0,0.2,2,9,2,0.00,0.00,0.00,0.00,0.00,0.12,0.00,0.12,0.12,0.12,Partidos
95,Santi Cazorla,es ESP,"CC,DL",Villarreal,33,1984,35,30,2647,29.4,4,10,14,2,2,3,2,0,4.4,2.1,6.8,8.8,69,255,117,0.14,0.34,0.48,0.07,0.41,0.15,0.23,0.38,0.07,0.30,Partidos
96,Dani Ceballos,es ESP,"CC,DL",Real Madrid,21,1996,23,13,1248,13.9,3,0,3,3,0,0,3,0,2.3,2.3,1.2,3.5,38,140,70,0.22,0.00,0.22,0.22,0.22,0.16,0.09,0.25,0.16,0.25,Partidos
97,Charles,br BRA,DL,Eibar,34,1984,34,17,1739,19.3,14,1,15,8,6,7,4,0,12.2,6.7,1.4,8.1,10,55,122,0.72,0.05,0.78,0.41,0.47,0.63,0.07,0.70,0.35,0.42,Partidos
98,Chechu,es ESP,DF,Rayo Vallecano,36,1982,1,1,90,1.0,0,0,0,0,0,0,0,0,0.0,0.0,0.0,0.0,1,7,0,0.00,0.00,0.00,0.00,0.00,0.00,0.00,0.00,0.00,0.00,Partidos
99,Chema,es ESP,DF,Levante,26,1992,19,13,1254,13.9,2,0,2,2,0,0,7,0,0.6,0.6,0.7,1.3,3,31,0,0.14,0.00,0.14,0.14,0.14,0.05,0.05,0.10,0.05,0.10,Partidos
100,Denis Cheryshev,ru RUS,CC,Valencia,27,1990,27,19,1706,19.0,2,2,4,2,0,0,2,0,3.7,3.7,7.6,11.4,55,64,178,0.11,0.11,0.21,0.11,0.21,0.20,0.40,0.60,0.20,0.60,Partidos
RL,Jugador,País,Posc,Equipo,Edad,Nacimiento,PJ,Titular,Mín,90 s,Gls.,Ass,G+A,G-TP,TP,TPint,TA,TR,xG,npxG,xAG,npxG+xAG,PrgC,PrgP,PrgR,Gls.,Ast,G+A,G-TP,G+A-TP,xG,xAG,xG+xAG,npxG,npxG+xAG,Partidos
101,Leandro Chichizola,ar ARG,PO,Getafe,28,1990,1,1,90,1.0,0,0,0,0,0,0,0,0,0.0,0.0,0.0,0.0,0,0,0,0.00,0.00,0.00,0.00,0.00,0.00,0.00,0.00,0.00,0.00,Partidos
102,Samuel Chukwueze,ng NGA,"CC,DL",Villarreal,19,1999,26,19,1706,19.0,5,2,7,5,0,0,2,0,5.2,5.2,1.5,6.7,102,55,170,0.26,0.11,0.37,0.26,0.37,0.27,0.08,0.35,0.27,0.35,Partidos
103,Jasper Cillessen,nl NED,PO,Barcelona,29,1989,3,3,270,3.0,0,0,0,0,0,0,0,0,0.0,0.0,0.0,0.0,0,0,0,0.00,0.00,0.00,0.00,0.00,0.00,0.00,0.00,0.00,0.00,Partidos
104,Coke,es ESP,DF,Levante,31,1987,27,19,1817,20.2,4,0,4,4,0,0,5,1,1.9,1.9,1.3,3.1,28,65,86,0.20,0.00,0.20,0.20,0.20,0.09,0.06,0.16,0.09,0.16,Partidos
105,Álex Collado,es ESP,DL,Barcelona,19,1999,1,0,85,0.9,0,0,0,0,0,0,0,0,0.1,0.1,0.0,0.1,3,1,2,0.00,0.00,0.00,0.00,0.00,0.11,0.00,0.11,0.11,0.11,Partidos
106,Santi Comesaña,es ESP,CC,Rayo Vallecano,21,1996,25,23,2032,22.6,1,1,2,1,0,0,6,0,0.7,0.7,0.4,1.0,13,99,13,0.04,0.04,0.09,0.04,0.09,0.03,0.02,0.05,0.03,0.05,Partidos
107,Duje Čop,hr CRO,DL,Valladolid,28,1990,18,6,687,7.6,0,0,0,0,0,0,2,0,2.2,2.2,1.4,3.6,16,9,57,0.00,0.00,0.00,0.00,0.00,0.29,0.18,0.47,0.29,0.47,Partidos
108,Francis Coquelin,fr FRA,CC,Valencia,27,1991,26,20,1761,19.6,0,1,1,0,0,0,5,0,0.4,0.4,1.3,1.6,18,106,19,0.00,0.05,0.05,0.00,0.05,0.02,0.06,0.08,0.02,0.08,Partidos
109,Iñigo Córdoba,es ESP,"DL,CC",Athletic Club,21,1997,23,15,1321,14.7,0,4,4,0,0,0,3,0,1.3,1.3,2.2,3.4,41,40,116,0.00,0.27,0.27,0.00,0.27,0.09,0.15,0.23,0.09,0.23,Partidos
110,Ángel Correa,ar ARG,"CC,DL",Atlético Madrid,23,1995,36,20,1919,21.3,3,2,5,3,0,0,7,1,2.2,2.2,4.6,6.8,71,77,151,0.14,0.09,0.23,0.14,0.23,0.10,0.22,0.32,0.10,0.32,Partidos
111,Diego Costa,es ESP,DL,Atlético Madrid,29,1988,16,14,1112,12.4,2,2,4,2,0,0,4,1,1.7,1.7,0.9,2.6,18,12,93,0.16,0.16,0.32,0.16,0.32,0.14,0.07,0.21,0.14,0.21,Partidos
112,Jaume Costa,es ESP,DF,Villarreal,30,1988,21,18,1495,16.6,1,0,1,1,0,0,6,0,0.5,0.5,0.8,1.3,38,95,94,0.06,0.00,0.06,0.06,0.06,0.03,0.05,0.08,0.03,0.08,Partidos
113,David Costas,es ESP,DF,Celta Vigo,23,1995,15,13,1173,13.0,0,0,0,0,0,0,4,0,0.2,0.2,0.0,0.2,5,34,2,0.00,0.00,0.00,0.00,0.00,0.01,0.00,0.01,0.01,0.01,Partidos
114,Thibaut Courtois,be BEL,PO,Real Madrid,26,1992,27,27,2430,27.0,0,0,0,0,0,0,2,0,0.1,0.1,0.0,0.1,0,0,0,0.00,0.00,0.00,0.00,0.00,0.00,0.00,0.00,0.00,0.00,Partidos
115,Philippe Coutinho,br BRA,"DL,CC",Barcelona,26,1992,34,22,2018,22.4,5,2,7,5,0,0,2,0,7.4,7.4,3.7,11.1,101,158,229,0.22,0.09,0.31,0.22,0.31,0.33,0.17,0.50,0.33,0.50,Partidos
116,Sebastián Cristóforo,uy URU,CC,Getafe,24,1993,15,4,450,5.0,0,2,2,0,0,0,3,0,0.0,0.0,0.5,0.5,4,25,11,0.00,0.40,0.40,0.00,0.40,0.01,0.09,0.10,0.01,0.10,Partidos
117,Cucho,co COL,DL,Huesca,19,1999,34,25,2150,23.9,4,3,7,2,2,2,6,0,10.8,9.2,4.4,13.6,63,47,166,0.17,0.13,0.29,0.08,0.21,0.45,0.19,0.64,0.38,0.57,Partidos
118,Marc Cucurella,es ESP,"CC,DL",Eibar,20,1998,31,26,2354,26.2,1,2,3,1,0,0,6,0,2.0,2.0,3.2,5.2,40,78,200,0.04,0.08,0.11,0.04,0.11,0.08,0.12,0.20,0.08,0.20,Partidos
119,Iván Cuéllar,es ESP,PO,Leganés,34,1984,34,34,3055,33.9,0,0,0,0,0,0,5,0,0.0,0.0,0.0,0.0,0,0,0,0.00,0.00,0.00,0.00,0.00,0.00,0.00,0.00,0.00,0.00,Partidos
120,Sergi Darder,es ESP,CC,Espanyol,24,1993,34,32,2709,30.1,4,2,6,4,0,0,8,1,2.9,2.9,3.8,6.8,53,169,96,0.13,0.07,0.20,0.13,0.20,0.10,0.13,0.23,0.10,0.23,Partidos
121,Moisés Delgado,es ESP,DF,Valladolid,24,1994,3,3,270,3.0,0,0,0,0,0,0,1,0,0.0,0.0,0.1,0.2,5,7,10,0.00,0.00,0.00,0.00,0.00,0.02,0.04,0.05,0.02,0.05,Partidos
122,Ousmane Dembélé,fr FRA,"DL,CC",Barcelona,21,1997,29,20,1661,18.5,8,5,13,8,0,0,1,0,3.8,3.8,4.9,8.7,113,80,232,0.43,0.27,0.70,0.43,0.70,0.20,0.27,0.47,0.20,0.47,Partidos
123,Franco Di Santo,ar ARG,DL,Rayo Vallecano,29,1989,6,1,172,1.9,0,0,0,0,0,0,1,1,0.0,0.0,0.0,0.0,1,0,9,0.00,0.00,0.00,0.00,0.00,0.00,0.00,0.00,0.00,0.00,Partidos
124,Mouctar Diakhaby,gn GUI,DF,Valencia,21,1996,22,16,1580,17.6,2,0,2,2,0,0,9,0,1.3,1.3,0.0,1.3,7,48,0,0.11,0.00,0.11,0.11,0.11,0.07,0.00,0.07,0.07,0.07,Partidos
125,Brahim Díaz,es ESP,DL,Real Madrid,18,1999,9,5,376,4.2,1,1,2,1,0,0,0,0,1.2,1.2,1.5,2.7,17,12,49,0.24,0.24,0.48,0.24,0.48,0.29,0.36,0.64,0.29,0.64,Partidos
RL,Jugador,País,Posc,Equipo,Edad,Nacimiento,PJ,Titular,Mín,90 s,Gls.,Ass,G+A,G-TP,TP,TPint,TA,TR,xG,npxG,xAG,npxG+xAG,PrgC,PrgP,PrgR,Gls.,Ast,G+A,G-TP,G+A-TP,xG,xAG,xG+xAG,npxG,npxG+xAG,Partidos
126,Javier Díaz,es ESP,PO,Sevilla,21,1997,1,1,90,1.0,0,0,0,0,0,0,0,0,0.0,0.0,0.0,0.0,0,0,0,0.00,0.00,0.00,0.00,0.00,0.00,0.00,0.00,0.00,0.00,Partidos
127,Adrián Diéguez,es ESP,DF,Huesca,22,1996,9,8,749,8.3,0,0,0,0,0,0,3,0,0.1,0.1,0.0,0.2,2,8,0,0.00,0.00,0.00,0.00,0.00,0.02,0.00,0.02,0.02,0.02,Partidos
128,Stole Dimitrievski,mk MKD,PO,Rayo Vallecano,24,1993,21,21,1890,21.0,0,0,0,0,0,0,3,0,0.0,0.0,0.0,0.0,0,0,0,0.00,0.00,0.00,0.00,0.00,0.00,0.00,0.00,0.00,0.00,Partidos
129,Papakouli Diop,sn SEN,CC,Eibar,32,1986,28,27,2352,26.1,1,1,2,1,0,0,11,0,2.5,2.5,0.7,3.1,13,157,22,0.04,0.04,0.08,0.04,0.08,0.09,0.03,0.12,0.09,0.12,Partidos
130,Djené,tg TOG,DF,Getafe,26,1991,34,34,2976,33.1,0,0,0,0,0,0,13,2,0.7,0.7,0.2,0.9,17,81,11,0.00,0.00,0.00,0.00,0.00,0.02,0.01,0.03,0.02,0.03,Partidos
131,Marko Dmitrović,rs SRB,PO,Eibar,26,1992,24,24,2160,24.0,0,0,0,0,0,0,3,0,0.0,0.0,0.0,0.0,0,0,0,0.00,0.00,0.00,0.00,0.00,0.00,0.00,0.00,0.00,0.00,Partidos
132,Jaume Doménech,es ESP,PO,Valencia,27,1990,4,4,360,4.0,0,0,0,0,0,0,0,0,0.0,0.0,0.0,0.0,0,0,0,0.00,0.00,0.00,0.00,0.00,0.00,0.00,0.00,0.00,0.00,Partidos
133,Cheick Doukouré,ci CIV,CC,Levante,25,1992,9,3,318,3.5,0,0,0,0,0,0,1,0,0.1,0.1,0.0,0.1,0,14,5,0.00,0.00,0.00,0.00,0.00,0.02,0.00,0.02,0.02,0.02,Partidos
134,Seydou Doumbia,ci CIV,DL,Girona,30,1987,17,5,541,6.0,2,0,2,2,0,0,2,0,2.7,2.7,0.0,2.7,9,5,27,0.33,0.00,0.33,0.33,0.33,0.45,0.00,0.45,0.45,0.45,Partidos
135,Óscar Duarte,cr CRC,"DF,CC",Espanyol,29,1989,11,7,660,7.3,0,0,0,0,0,0,0,0,0.1,0.1,0.1,0.2,2,16,2,0.00,0.00,0.00,0.00,0.00,0.01,0.02,0.03,0.01,0.03,Partidos
136,Rubén Duarte,es ESP,DF,Alavés,22,1995,33,33,2772,30.8,0,0,0,0,0,0,10,1,0.7,0.7,1.7,2.3,34,105,81,0.00,0.00,0.00,0.00,0.00,0.02,0.05,0.08,0.02,0.08,Partidos
137,Hugo Duro,es ESP,"CC,DL",Getafe,18,1999,11,5,417,4.6,0,0,0,0,0,0,0,0,0.4,0.4,0.6,1.0,3,5,18,0.00,0.00,0.00,0.00,0.00,0.09,0.13,0.22,0.09,0.22,Partidos
138,Raphael Dwamena,gh GHA,DL,Levante,22,1995,12,1,222,2.5,0,1,1,0,0,0,0,0,0.7,0.7,0.5,1.2,7,3,17,0.00,0.41,0.41,0.00,0.41,0.28,0.19,0.47,0.28,0.47,Partidos
139,Dennis Eckert,de GER,DL,Celta Vigo,21,1997,9,1,216,2.4,0,0,0,0,0,0,0,0,0.7,0.7,0.1,0.8,2,4,17,0.00,0.00,0.00,0.00,0.00,0.30,0.04,0.34,0.30,0.34,Partidos
140,Aritz Elustondo,es ESP,DF,Real Sociedad,24,1994,27,24,2254,25.0,1,0,1,1,0,0,5,0,1.5,1.5,0.6,2.1,25,71,24,0.04,0.00,0.04,0.04,0.04,0.06,0.02,0.08,0.06,0.08,Partidos
141,Gorka Elustondo,es ESP,"CC,DF",Rayo Vallecano,31,1987,5,3,285,3.2,0,0,0,0,0,0,1,0,0.0,0.0,0.4,0.4,4,15,1,0.00,0.00,0.00,0.00,0.00,0.01,0.12,0.13,0.01,0.13,Partidos
142,Rodrigo Ely,br BRA,DF,Alavés,24,1993,5,5,430,4.8,0,0,0,0,0,0,1,0,0.1,0.1,0.1,0.2,0,6,2,0.00,0.00,0.00,0.00,0.00,0.02,0.03,0.04,0.02,0.04,Partidos
143,Adri Embarba,es ESP,"CC,DL",Rayo Vallecano,26,1992,36,27,2282,25.4,5,6,11,2,3,3,5,1,6.7,4.3,7.4,11.7,93,53,164,0.20,0.24,0.43,0.08,0.32,0.26,0.29,0.56,0.17,0.46,Partidos
144,Emerson,br BRA,"DL,DF",Betis,19,1999,6,4,317,3.5,0,0,0,0,0,0,1,0,0.2,0.2,0.3,0.4,7,13,26,0.00,0.00,0.00,0.00,0.00,0.05,0.07,0.12,0.05,0.12,Partidos
145,Youssef En-Nesyri,ma MAR,DL,Leganés,21,1997,31,22,2106,23.4,9,2,11,9,0,0,7,0,7.1,7.1,2.3,9.4,38,28,143,0.38,0.09,0.47,0.38,0.47,0.30,0.10,0.40,0.30,0.40,Partidos
146,Sergi Enrich,es ESP,DL,Eibar,28,1990,35,30,2582,28.7,7,4,11,7,0,0,4,0,10.9,10.9,2.7,13.6,14,58,210,0.24,0.14,0.38,0.24,0.38,0.38,0.09,0.48,0.38,0.48,Partidos
147,Javier Eraso,es ESP,"CC,DL",Leganés,28,1990,13,9,631,7.0,0,0,0,0,0,0,2,0,0.1,0.1,1.0,1.1,8,16,43,0.00,0.00,0.00,0.00,0.00,0.02,0.14,0.16,0.02,0.16,Partidos
148,Gonzalo Escalante,ar ARG,CC,Eibar,25,1993,32,18,1789,19.9,4,1,5,4,0,0,6,0,2.9,2.9,1.0,3.9,14,79,35,0.20,0.05,0.25,0.20,0.25,0.15,0.05,0.20,0.15,0.20,Partidos
149,Sergio Escudero,es ESP,"DF,DL",Sevilla,28,1989,21,18,1545,17.2,0,1,1,0,0,0,8,1,1.4,1.4,1.2,2.7,40,107,90,0.00,0.06,0.06,0.00,0.06,0.08,0.07,0.15,0.08,0.15,Partidos
150,Bernardo Espinosa,co COL,DF,Girona,29,1989,31,31,2727,30.3,1,1,2,1,0,0,6,2,2.1,2.1,1.2,3.3,0,49,6,0.03,0.03,0.07,0.03,0.07,0.07,0.04,0.11,0.07,0.11,Partidos
RL,Jugador,País,Posc,Equipo,Edad,Nacimiento,PJ,Titular,Mín,90 s,Gls.,Ass,G+A,G-TP,TP,TPint,TA,TR,xG,npxG,xAG,npxG+xAG,PrgC,PrgP,PrgR,Gls.,Ast,G+A,G-TP,G+A-TP,xG,xAG,xG+xAG,npxG,npxG+xAG,Partidos
151,Beñat Etxebarria,es ESP,CC,Athletic Club,31,1987,27,25,2031,22.6,1,2,3,1,0,0,8,0,0.5,0.5,2.6,3.1,14,138,22,0.04,0.09,0.13,0.04,0.13,0.02,0.12,0.14,0.02,0.14,Partidos
152,Xabier Etxeita,es ESP,DF,Huesca,30,1987,31,30,2677,29.7,4,0,4,4,0,0,10,0,2.7,2.7,0.3,3.0,18,62,9,0.13,0.00,0.13,0.13,0.13,0.09,0.01,0.10,0.09,0.10,Partidos
153,Zouhair Feddal,ma MAR,DF,Betis,29,1989,21,19,1702,18.9,1,1,2,1,0,0,7,0,1.6,1.6,1.0,2.7,11,87,5,0.05,0.05,0.11,0.05,0.11,0.09,0.06,0.14,0.09,0.14,Partidos
154,Aitor Fernández,es ESP,PO,Levante,27,1991,16,16,1440,16.0,0,0,0,0,0,0,0,0,0.0,0.0,0.3,0.3,0,0,0,0.00,0.00,0.00,0.00,0.00,0.00,0.02,0.02,0.00,0.02,Partidos
155,Andrés Fernández,es ESP,PO,Villarreal,31,1986,6,6,540,6.0,0,0,0,0,0,0,2,0,0.0,0.0,0.0,0.0,0,1,0,0.00,0.00,0.00,0.00,0.00,0.00,0.00,0.00,0.00,0.00,Partidos
156,Borja Fernández,es ESP,"CC,DF",Valladolid,37,1981,19,10,841,9.3,0,0,0,0,0,0,4,0,0.2,0.2,0.0,0.2,1,31,4,0.00,0.00,0.00,0.00,0.00,0.02,0.00,0.02,0.02,0.02,Partidos
157,Joaquín Fernández,es ESP,"DF,CC",Valladolid,22,1996,13,9,839,9.3,1,0,1,1,0,0,2,0,0.7,0.7,0.0,0.7,1,17,1,0.11,0.00,0.11,0.11,0.11,0.07,0.00,0.07,0.07,0.07,Partidos
158,Valery Fernández,es ESP,"DF,DL",Girona,18,1999,17,10,888,9.9,0,1,1,0,0,0,2,0,0.1,0.1,0.7,0.8,29,17,46,0.00,0.10,0.10,0.00,0.10,0.01,0.08,0.09,0.01,0.09,Partidos
159,David Ferreiro,es ESP,"CC,DL",Huesca,30,1988,35,23,2280,25.3,1,3,4,1,0,0,5,0,2.8,2.8,5.4,8.2,114,72,225,0.04,0.12,0.16,0.04,0.16,0.11,0.21,0.32,0.11,0.32,Partidos
160,Facundo Ferreyra,ar ARG,DL,Espanyol,27,1991,9,1,211,2.3,1,0,1,1,0,0,2,0,0.5,0.5,0.0,0.5,1,2,15,0.43,0.00,0.43,0.43,0.43,0.21,0.00,0.21,0.21,0.21,Partidos
161,Junior Firpo,es ESP,"DF,DL",Betis,21,1996,24,22,1937,21.5,3,4,7,3,0,0,7,0,2.2,2.2,2.2,4.3,73,83,171,0.14,0.19,0.33,0.14,0.33,0.10,0.10,0.20,0.10,0.20,Partidos
162,Mathieu Flamini,fr FRA,CC,Getafe,34,1984,10,4,453,5.0,0,0,0,0,0,0,5,0,0.0,0.0,0.0,0.0,0,19,1,0.00,0.00,0.00,0.00,0.00,0.00,0.01,0.01,0.00,0.01,Partidos
163,Pablo Fornals,es ESP,"CC,DL",Villarreal,22,1996,35,28,2479,27.5,2,3,5,2,0,0,4,0,3.7,3.7,5.9,9.6,55,174,172,0.07,0.11,0.18,0.07,0.18,0.13,0.21,0.35,0.13,0.35,Partidos
164,Dimitri Foulquier,fr FRA,"CC,DF",Getafe,25,1993,25,23,1799,20.0,3,2,5,3,0,0,7,0,1.1,1.1,1.7,2.8,30,39,55,0.15,0.10,0.25,0.15,0.25,0.05,0.09,0.14,0.05,0.14,Partidos
165,Javi Fuego,es ESP,CC,Villarreal,34,1984,5,3,233,2.6,0,0,0,0,0,0,1,0,0.0,0.0,0.0,0.0,1,9,1,0.00,0.00,0.00,0.00,0.00,0.00,0.00,0.00,0.00,0.00,Partidos
166,Ramiro Funes Mori,ar ARG,"DF,CC",Villarreal,27,1991,31,29,2627,29.2,2,1,3,2,0,0,15,0,2.4,2.4,0.5,2.9,13,65,7,0.07,0.03,0.10,0.07,0.10,0.08,0.02,0.10,0.08,0.10,Partidos
167,Javi Galán,es ESP,"DF,DL",Huesca,23,1994,16,16,1440,16.0,0,2,2,0,0,0,7,0,0.1,0.1,2.4,2.4,52,31,62,0.00,0.12,0.12,0.00,0.12,0.00,0.15,0.15,0.00,0.15,Partidos
168,Álex Gallar,es ESP,"CC,DL",Huesca,26,1992,25,10,1009,11.2,4,1,5,3,1,1,2,0,3.6,2.8,2.8,5.6,30,47,87,0.36,0.09,0.45,0.27,0.36,0.32,0.25,0.57,0.25,0.50,Partidos
169,Enric Gallego,es ESP,DL,Huesca,31,1986,19,17,1539,17.1,5,1,6,5,0,0,4,0,4.7,4.7,2.1,6.9,15,26,74,0.29,0.06,0.35,0.29,0.35,0.28,0.12,0.40,0.28,0.40,Partidos
170,Álex Gálvez,es ESP,DF,Rayo Vallecano,29,1989,17,17,1412,15.7,1,0,1,1,0,0,6,0,2.1,2.1,0.5,2.6,5,37,1,0.06,0.00,0.06,0.06,0.06,0.14,0.03,0.17,0.14,0.17,Partidos
171,Kévin Gameiro,fr FRA,DL,Valencia,31,1987,33,16,1612,17.9,6,1,7,6,0,0,1,0,8.8,8.8,3.7,12.5,53,36,141,0.33,0.06,0.39,0.33,0.39,0.49,0.21,0.70,0.49,0.70,Partidos
172,Cristian Ganea,ro ROU,DF,Athletic Club,26,1992,1,1,49,0.5,0,0,0,0,0,0,0,0,0.0,0.0,0.0,0.0,1,3,1,0.00,0.00,0.00,0.00,0.00,0.00,0.00,0.00,0.00,0.00,Partidos
173,Ezequiel Garay,ar ARG,DF,Valencia,31,1986,24,24,2136,23.7,2,0,2,2,0,0,4,0,1.6,1.6,0.5,2.1,16,82,2,0.08,0.00,0.08,0.08,0.08,0.07,0.02,0.09,0.07,0.09,Partidos
174,Borja Garcés,es ESP,DL,Atlético Madrid,18,1999,1,0,20,0.2,1,0,1,1,0,0,0,0,0.5,0.5,0.0,0.5,1,0,3,4.50,0.00,4.50,4.50,4.50,2.03,0.00,2.03,2.03,2.03,Partidos
175,Alberto García,es ESP,PO,Rayo Vallecano,33,1985,17,17,1530,17.0,0,0,0,0,0,0,1,0,0.0,0.0,0.0,0.0,0,0,0,0.00,0.00,0.00,0.00,0.00,0.00,0.00,0.00,0.00,0.00,Partidos
RL,Jugador,País,Posc,Equipo,Edad,Nacimiento,PJ,Titular,Mín,90 s,Gls.,Ass,G+A,G-TP,TP,TPint,TA,TR,xG,npxG,xAG,npxG+xAG,PrgC,PrgP,PrgR,Gls.,Ast,G+A,G-TP,G+A-TP,xG,xAG,xG+xAG,npxG,npxG+xAG,Partidos
176,Aleix García,es ESP,CC,Girona,21,1997,31,20,1663,18.5,2,1,3,2,0,0,1,0,1.5,1.5,2.1,3.6,28,132,65,0.11,0.05,0.16,0.11,0.16,0.08,0.12,0.20,0.08,0.20,Partidos
177,Álvaro García,es ESP,"DL,CC",Rayo Vallecano,25,1992,35,17,1766,19.6,4,2,6,4,0,0,3,0,4.2,4.2,2.9,7.1,67,37,160,0.20,0.10,0.31,0.20,0.31,0.22,0.15,0.36,0.22,0.36,Partidos
178,Borja García,es ESP,"CC,DL",Girona,27,1990,33,30,2629,29.2,1,3,4,1,0,0,0,1,2.0,2.0,4.8,6.8,59,148,169,0.03,0.10,0.14,0.03,0.14,0.07,0.16,0.23,0.07,0.23,Partidos
179,Dani García,es ESP,CC,Athletic Club,28,1990,29,29,2476,27.5,0,1,1,0,0,0,13,0,0.0,0.0,0.1,0.2,11,105,10,0.00,0.04,0.04,0.00,0.04,0.00,0.00,0.01,0.00,0.01,Partidos
180,Javi García,es ESP,"DF,CC",Betis,31,1987,13,6,524,5.8,0,0,0,0,0,0,0,1,0.0,0.0,0.0,0.0,1,28,2,0.00,0.00,0.00,0.00,0.00,0.00,0.00,0.00,0.00,0.00,Partidos
181,Manu García,es ESP,CC,Alavés,32,1986,34,25,2330,25.9,1,1,2,1,0,0,6,0,2.9,2.9,0.7,3.6,19,97,35,0.04,0.04,0.08,0.04,0.08,0.11,0.03,0.14,0.11,0.14,Partidos
182,Raúl García,es ESP,"CC,DL",Athletic Club,32,1986,33,27,2369,26.3,9,3,12,7,2,4,12,0,8.7,5.4,3.0,8.4,27,116,135,0.34,0.11,0.46,0.27,0.38,0.33,0.11,0.44,0.20,0.32,Partidos
183,Raúl García,es ESP,DF,Leganés,29,1989,5,4,381,4.2,0,0,0,0,0,0,1,0,0.0,0.0,0.0,0.0,2,9,1,0.00,0.00,0.00,0.00,0.00,0.01,0.00,0.01,0.01,0.01,Partidos
184,Raúl García,es ESP,DF,Girona,29,1989,10,10,850,9.4,0,1,1,0,0,0,1,0,0.4,0.4,0.3,0.8,27,28,41,0.00,0.11,0.11,0.00,0.11,0.04,0.04,0.08,0.04,0.08,Partidos
185,Sergio García,es ESP,"DL,CC",Espanyol,35,1983,29,17,1486,16.5,2,1,3,2,0,0,3,0,3.3,3.3,2.3,5.6,47,65,152,0.12,0.06,0.18,0.12,0.18,0.20,0.14,0.34,0.20,0.34,Partidos
186,Mario Gaspar,es ESP,DF,Villarreal,27,1990,31,30,2599,28.9,1,2,3,1,0,0,17,1,1.9,1.9,2.6,4.5,56,106,128,0.03,0.07,0.10,0.03,0.10,0.07,0.09,0.15,0.07,0.15,Partidos
187,Bryan Gil,es ESP,"CC,DL",Sevilla,17,2001,11,0,167,1.9,1,1,2,1,0,0,0,0,0.8,0.8,0.4,1.3,10,7,28,0.54,0.54,1.08,0.54,1.08,0.45,0.24,0.69,0.45,0.69,Partidos
188,Joris Gnagnon,fr FRA,"DF,CC",Sevilla,21,1997,7,4,446,5.0,0,0,0,0,0,0,2,0,0.1,0.1,0.1,0.3,10,25,7,0.00,0.00,0.00,0.00,0.00,0.03,0.02,0.05,0.03,0.05,Partidos
189,Diego Godín,uy URU,DF,Atlético Madrid,32,1986,30,28,2509,27.9,3,1,4,3,0,0,6,0,2.6,2.6,0.3,2.9,12,60,3,0.11,0.04,0.14,0.11,0.14,0.09,0.01,0.10,0.09,0.10,Partidos
190,Ibai Gómez,es ESP,DL,Athletic Club,28,1989,14,6,580,6.4,0,2,2,0,0,0,0,0,0.4,0.4,1.4,1.8,7,23,60,0.00,0.31,0.31,0.00,0.31,0.07,0.21,0.28,0.07,0.28,Partidos
191,Ibai Gómez,es ESP,"CC,DL",Alavés,28,1989,18,17,1449,16.1,3,2,5,3,0,1,0,0,3.3,2.5,2.1,4.6,19,41,73,0.19,0.12,0.31,0.19,0.31,0.21,0.13,0.34,0.16,0.29,Partidos
192,Maxi Gómez,uy URU,DL,Celta Vigo,21,1996,35,33,2960,32.9,13,5,18,12,1,1,6,1,12.5,11.7,3.0,14.6,33,64,150,0.40,0.15,0.55,0.36,0.52,0.38,0.09,0.47,0.35,0.45,Partidos
193,Moi Gómez,es ESP,CC,Huesca,24,1994,36,35,3055,33.9,2,7,9,2,0,0,3,0,2.1,2.1,4.8,6.9,52,180,61,0.06,0.21,0.27,0.06,0.27,0.06,0.14,0.20,0.06,0.20,Partidos
194,Sergi Gómez,es ESP,DF,Sevilla,26,1992,32,31,2765,30.7,0,0,0,0,0,0,1,0,0.8,0.8,0.4,1.2,12,94,3,0.00,0.00,0.00,0.00,0.00,0.03,0.01,0.04,0.03,0.04,Partidos
195,Maxime Gonalons,fr FRA,CC,Sevilla,29,1989,10,5,540,6.0,0,0,0,0,0,0,0,0,0.2,0.2,0.1,0.3,6,39,2,0.00,0.00,0.00,0.00,0.00,0.04,0.02,0.06,0.04,0.06,Partidos
196,Álvaro González,es ESP,DF,Villarreal,28,1990,33,33,2964,32.9,1,2,3,1,0,0,17,2,1.2,1.2,1.2,2.4,30,144,6,0.03,0.06,0.09,0.03,0.09,0.04,0.04,0.07,0.04,0.07,Partidos
197,Bruno González,es ESP,DF,Getafe,28,1990,23,18,1701,18.9,0,1,1,0,0,0,7,1,0.7,0.7,0.3,1.0,4,29,1,0.00,0.05,0.05,0.00,0.05,0.04,0.01,0.05,0.04,0.05,Partidos
198,Cristo González,es ESP,DL,Real Madrid,20,1997,1,0,45,0.5,0,0,0,0,0,0,0,0,0.0,0.0,0.0,0.1,1,1,0,0.00,0.00,0.00,0.00,0.00,0.06,0.07,0.14,0.06,0.14,Partidos
199,Andoni Gorosabel,es ESP,DF,Real Sociedad,21,1996,7,6,455,5.1,0,0,0,0,0,0,0,0,0.1,0.1,0.5,0.6,6,18,25,0.00,0.00,0.00,0.00,0.00,0.02,0.10,0.12,0.02,0.12,Partidos
200,Álex Granell,es ESP,"CC,DF",Girona,29,1988,32,26,2391,26.6,0,4,4,0,0,0,5,0,1.2,1.2,6.0,7.2,46,182,80,0.00,0.15,0.15,0.00,0.15,0.05,0.22,0.27,0.05,0.27,Partidos
RL,Jugador,País,Posc,Equipo,Edad,Nacimiento,PJ,Titular,Mín,90 s,Gls.,Ass,G+A,G-TP,TP,TPint,TA,TR,xG,npxG,xAG,npxG+xAG,PrgC,PrgP,PrgR,Gls.,Ast,G+A,G-TP,G+A-TP,xG,xAG,xG+xAG,npxG,npxG+xAG,Partidos
201,Esteban Granero,es ESP,CC,Espanyol,31,1987,28,24,2013,22.4,3,1,4,3,0,0,11,0,1.8,1.8,1.5,3.3,39,113,36,0.13,0.04,0.18,0.13,0.18,0.08,0.07,0.15,0.08,0.15,Partidos
202,Antoine Griezmann,fr FRA,"DL,CC",Atlético Madrid,27,1991,37,37,3198,35.5,15,8,23,12,3,3,5,0,13.9,11.6,7.7,19.3,87,136,241,0.42,0.23,0.65,0.34,0.56,0.39,0.22,0.61,0.33,0.54,Partidos
203,Andrés Guardado,mx MEX,"CC,DF",Betis,31,1986,31,27,2335,25.9,0,4,4,0,0,0,8,0,1.4,1.4,3.6,5.1,57,151,85,0.00,0.15,0.15,0.00,0.15,0.06,0.14,0.20,0.06,0.20,Partidos
204,Sergi Guardiola,es ESP,DL,Valladolid,27,1991,17,17,1514,16.8,3,1,4,3,0,1,0,0,5.4,4.6,2.2,6.8,36,28,108,0.18,0.06,0.24,0.18,0.24,0.32,0.13,0.45,0.27,0.40,Partidos
205,Sergi Guardiola,es ESP,"CC,DL",Getafe,27,1991,3,0,30,0.3,0,0,0,0,0,0,0,0,0.1,0.1,0.0,0.1,7,0,4,0.00,0.00,0.00,0.00,0.00,0.22,0.00,0.22,0.22,0.22,Partidos
206,Gonçalo Guedes,pt POR,"CC,DL",Valencia,21,1996,25,18,1465,16.3,5,3,8,5,0,0,2,0,2.1,2.1,2.7,4.8,91,97,147,0.31,0.18,0.49,0.31,0.49,0.13,0.17,0.29,0.13,0.29,Partidos
207,Javi Guerra,es ESP,"DL,CC",Rayo Vallecano,36,1982,8,1,236,2.6,0,1,1,0,0,0,0,0,0.8,0.8,0.6,1.4,2,5,12,0.00,0.38,0.38,0.00,0.38,0.30,0.21,0.52,0.30,0.52,Partidos
208,Francis Guerrero,es ESP,"DF,DL",Betis,22,1996,22,22,1778,19.8,0,1,1,0,0,0,2,0,0.4,0.4,1.4,1.8,59,44,153,0.00,0.05,0.05,0.00,0.05,0.02,0.07,0.09,0.02,0.09,Partidos
209,Ander Guevara,es ESP,CC,Real Sociedad,21,1997,1,1,90,1.0,0,0,0,0,0,0,0,0,0.1,0.1,0.0,0.1,1,1,0,0.00,0.00,0.00,0.00,0.00,0.07,0.02,0.09,0.07,0.09,Partidos
210,John Guidetti,se SWE,DL,Alavés,26,1992,22,6,631,7.0,2,1,3,2,0,0,2,0,1.4,1.4,1.0,2.3,8,12,57,0.29,0.14,0.43,0.29,0.43,0.20,0.14,0.34,0.20,0.34,Partidos
211,Gerard Gumbau,es ESP,CC,Leganés,23,1994,16,13,1199,13.3,1,1,2,0,1,1,6,1,2.0,1.2,0.4,1.6,11,41,23,0.08,0.08,0.15,0.00,0.08,0.15,0.03,0.18,0.09,0.12,Partidos
212,Serdar Gürler,tr TUR,"CC,DL",Huesca,26,1991,13,5,482,5.4,0,1,1,0,0,0,2,0,0.7,0.7,0.2,1.0,23,14,59,0.00,0.19,0.19,0.00,0.19,0.14,0.04,0.18,0.14,0.18,Partidos
213,Gorka Guruzeta,es ESP,"CC,DL",Athletic Club,21,1996,6,0,50,0.6,0,0,0,0,0,0,0,0,0.1,0.1,0.1,0.1,0,1,3,0.00,0.00,0.00,0.00,0.00,0.15,0.12,0.27,0.15,0.27,Partidos
214,Hacen,mr MTN,CC,Valladolid,20,1997,1,0,3,0.0,0,0,0,0,0,0,0,0,0.0,0.0,0.0,0.0,0,0,0,0.00,0.00,0.00,0.00,0.00,0.00,0.00,0.00,0.00,0.00,Partidos
215,Munir El Haddadi,ma MAR,"DL,CC",Sevilla,22,1995,16,12,1042,11.6,5,1,6,5,0,0,2,0,5.1,5.1,0.9,6.0,20,25,103,0.43,0.09,0.52,0.43,0.52,0.44,0.08,0.52,0.44,0.52,Partidos
216,Munir El Haddadi,ma MAR,DL,Barcelona,22,1995,7,1,152,1.7,1,1,2,1,0,0,0,0,0.9,0.9,0.6,1.5,1,1,15,0.59,0.59,1.18,0.59,1.18,0.51,0.35,0.87,0.51,0.87,Partidos
217,Uche Henry Agbo,ng NGA,CC,Rayo Vallecano,22,1995,6,5,372,4.1,0,0,0,0,0,0,2,0,0.0,0.0,0.0,0.0,4,18,1,0.00,0.00,0.00,0.00,0.00,0.00,0.00,0.01,0.00,0.01,Partidos
218,Mario Hermoso,es ESP,DF,Espanyol,23,1995,32,31,2806,31.2,3,0,3,3,0,0,7,0,2.6,2.6,0.4,3.0,21,84,11,0.10,0.00,0.10,0.10,0.10,0.08,0.01,0.10,0.08,0.10,Partidos
219,Lucas Hernández,fr FRA,DF,Atlético Madrid,22,1996,14,13,1117,12.4,1,0,1,1,0,0,5,0,0.8,0.8,0.8,1.6,19,36,38,0.08,0.00,0.08,0.08,0.08,0.06,0.07,0.13,0.06,0.13,Partidos
220,Theo Hernández,fr FRA,DF,Real Sociedad,20,1997,24,22,1976,22.0,1,2,3,1,0,0,5,1,1.4,1.4,1.8,3.1,87,72,117,0.05,0.09,0.14,0.05,0.14,0.06,0.08,0.14,0.06,0.14,Partidos
221,Yangel Herrera,ve VEN,"CC,DF",Huesca,20,1998,16,14,1154,12.8,0,0,0,0,0,0,5,0,0.5,0.5,0.2,0.7,5,46,25,0.00,0.00,0.00,0.00,0.00,0.04,0.01,0.05,0.04,0.05,Partidos
222,Iago Herrerín,es ESP,PO,Athletic Club,30,1988,31,31,2790,31.0,0,1,1,0,0,0,1,0,0.0,0.0,0.5,0.5,0,0,0,0.00,0.03,0.03,0.00,0.03,0.00,0.02,0.02,0.00,0.02,Partidos
223,Pablo Hervías,es ESP,CC,Valladolid,25,1993,3,2,160,1.8,0,0,0,0,0,0,1,0,0.1,0.1,0.3,0.5,2,3,12,0.00,0.00,0.00,0.00,0.00,0.06,0.19,0.26,0.06,0.26,Partidos
224,Pablo Hervías,es ESP,CC,Eibar,25,1993,3,2,180,2.0,0,1,1,0,0,0,0,0,0.1,0.1,0.3,0.4,6,1,9,0.00,0.50,0.50,0.00,0.50,0.04,0.16,0.20,0.04,0.20,Partidos
225,Andrew Hjulsager,dk DEN,"CC,DL",Celta Vigo,23,1995,15,2,359,4.0,0,3,3,0,0,0,1,0,0.1,0.1,1.7,1.8,9,13,29,0.00,0.75,0.75,0.00,0.75,0.02,0.43,0.45,0.02,0.45,Partidos
RL,Jugador,País,Posc,Equipo,Edad,Nacimiento,PJ,Titular,Mín,90 s,Gls.,Ass,G+A,G-TP,TP,TPint,TA,TR,xG,npxG,xAG,npxG+xAG,PrgC,PrgP,PrgR,Gls.,Ast,G+A,G-TP,G+A-TP,xG,xAG,xG+xAG,npxG,npxG+xAG,Partidos
226,Wesley Hoedt,nl NED,DF,Celta Vigo,24,1994,10,9,893,9.9,0,0,0,0,0,0,3,1,0.3,0.3,0.4,0.7,4,32,2,0.00,0.00,0.00,0.00,0.00,0.03,0.04,0.07,0.03,0.07,Partidos
227,Robert Ibáñez,es ESP,CC,Getafe,25,1993,7,0,76,0.8,0,0,0,0,0,0,1,0,0.2,0.2,0.0,0.2,3,0,9,0.00,0.00,0.00,0.00,0.00,0.20,0.00,0.20,0.20,0.20,Partidos
228,Vicente Iborra,es ESP,CC,Villarreal,30,1988,19,19,1665,18.5,3,1,4,3,0,0,7,0,2.3,2.3,0.9,3.3,7,69,48,0.16,0.05,0.22,0.16,0.22,0.13,0.05,0.18,0.13,0.18,Partidos
229,Borja Iglesias,es ESP,DL,Espanyol,25,1993,37,35,3075,34.2,17,3,20,14,3,3,5,0,16.0,13.6,4.1,17.7,52,31,251,0.50,0.09,0.59,0.41,0.50,0.47,0.12,0.59,0.40,0.52,Partidos
230,Asier Illarramendi,es ESP,CC,Real Sociedad,28,1990,23,20,1821,20.2,1,1,2,1,0,0,8,0,0.5,0.5,1.4,1.9,24,144,6,0.05,0.05,0.10,0.05,0.10,0.02,0.07,0.10,0.02,0.10,Partidos
231,Giannelli Imbula,cd COD,CC,Rayo Vallecano,25,1992,22,21,1732,19.2,1,1,2,1,0,0,7,0,0.9,0.9,0.9,1.8,51,114,19,0.05,0.05,0.10,0.05,0.10,0.04,0.05,0.09,0.04,0.09,Partidos
232,Pablo Insua,es ESP,DF,Huesca,24,1993,10,10,776,8.6,0,0,0,0,0,0,4,0,0.1,0.1,0.1,0.2,3,15,0,0.00,0.00,0.00,0.00,0.00,0.01,0.01,0.03,0.01,0.03,Partidos
233,Takashi Inui,jp JPN,"CC,DL",Alavés,30,1988,12,10,828,9.2,2,0,2,2,0,0,0,0,2.2,2.2,0.6,2.8,21,20,53,0.22,0.00,0.22,0.22,0.22,0.24,0.07,0.31,0.24,0.31,Partidos
234,Takashi Inui,jp JPN,CC,Betis,30,1988,8,5,377,4.2,0,0,0,0,0,0,0,0,1.0,1.0,0.1,1.1,11,10,26,0.00,0.00,0.00,0.00,0.00,0.23,0.03,0.26,0.23,0.26,Partidos
235,Gorka Iraizoz,es ESP,PO,Girona,37,1981,7,6,559,6.2,0,0,0,0,0,0,0,0,0.0,0.0,0.0,0.0,0,0,0,0.00,0.00,0.00,0.00,0.00,0.00,0.00,0.00,0.00,0.00,Partidos
236,Carlos Isaac,es ESP,DF,Atlético Madrid,20,1998,1,1,90,1.0,0,0,0,0,0,0,0,0,0.1,0.1,0.0,0.1,2,1,6,0.00,0.00,0.00,0.00,0.00,0.07,0.04,0.11,0.07,0.11,Partidos
237,Isco,es ESP,"CC,DL",Real Madrid,26,1992,27,11,1192,13.2,3,2,5,3,0,0,3,0,5.1,5.1,2.8,7.9,46,119,91,0.23,0.15,0.38,0.23,0.38,0.38,0.21,0.59,0.38,0.59,Partidos
238,Manuel Iturra,cl CHI,CC,Villarreal,34,1984,3,1,74,0.8,0,0,0,0,0,0,1,0,0.0,0.0,0.0,0.0,0,8,1,0.00,0.00,0.00,0.00,0.00,0.00,0.00,0.00,0.00,0.00,Partidos
239,Ander Iturraspe,es ESP,CC,Athletic Club,29,1989,3,1,98,1.1,0,0,0,0,0,0,1,0,0.0,0.0,0.0,0.0,0,5,2,0.00,0.00,0.00,0.00,0.00,0.00,0.00,0.00,0.00,0.00,Partidos
240,Ivi,es ESP,"CC,DL",Valladolid,24,1994,3,0,20,0.2,0,0,0,0,0,0,0,0,0.1,0.1,0.0,0.1,2,0,2,0.00,0.00,0.00,0.00,0.00,0.26,0.00,0.26,0.26,0.26,Partidos
241,Adnan Januzaj,be BEL,"DL,CC",Real Sociedad,23,1995,20,13,1254,13.9,1,3,4,1,0,0,1,0,2.4,2.4,3.0,5.4,72,54,173,0.07,0.22,0.29,0.07,0.29,0.17,0.21,0.39,0.17,0.39,Partidos
242,Jason,es ESP,"DF,DL",Levante,24,1994,30,26,2330,25.9,2,5,7,2,0,0,10,0,3.2,3.2,4.8,8.0,71,75,124,0.08,0.19,0.27,0.08,0.27,0.12,0.19,0.31,0.12,0.31,Partidos
243,Mathias Jensen,dk DEN,"CC,DL",Celta Vigo,22,1996,6,3,235,2.6,0,0,0,0,0,0,0,0,0.1,0.1,0.1,0.2,1,7,10,0.00,0.00,0.00,0.00,0.00,0.06,0.03,0.08,0.06,0.08,Partidos
244,Jesé,es ESP,"DL,CC",Betis,25,1993,14,9,779,8.7,2,0,2,2,0,0,2,0,3.3,3.3,0.7,4.0,22,15,55,0.23,0.00,0.23,0.23,0.23,0.38,0.08,0.46,0.38,0.46,Partidos
245,Joaquín,es ESP,"DL,CC",Betis,37,1981,30,17,1696,18.8,6,0,6,6,0,0,5,0,3.2,3.2,3.5,6.8,85,85,170,0.32,0.00,0.32,0.32,0.32,0.17,0.19,0.36,0.17,0.36,Partidos
246,Jony,es ESP,"CC,DL",Alavés,27,1991,36,34,2971,33.0,5,11,16,5,0,0,3,0,4.6,4.6,9.6,14.2,119,76,220,0.15,0.33,0.48,0.15,0.48,0.14,0.29,0.43,0.14,0.43,Partidos
247,Joan Jordán,es ESP,CC,Eibar,24,1994,36,32,2875,31.9,4,4,8,4,0,0,10,0,2.6,2.6,5.0,7.6,44,184,92,0.13,0.13,0.25,0.13,0.25,0.08,0.16,0.24,0.08,0.24,Partidos
248,Willian José,br BRA,DL,Real Sociedad,26,1991,31,28,2367,26.3,11,5,16,6,5,7,5,1,11.7,6.5,3.7,10.2,18,60,190,0.42,0.19,0.61,0.23,0.42,0.44,0.14,0.58,0.25,0.39,Partidos
249,Aleksandar Jovanović,rs SRB,PO,Huesca,25,1992,12,12,1080,12.0,0,0,0,0,0,0,1,0,0.0,0.0,0.0,0.0,0,0,0,0.00,0.00,0.00,0.00,0.00,0.00,0.00,0.00,0.00,0.00,Partidos
250,Jozabed,es ESP,CC,Celta Vigo,27,1991,20,14,1155,12.8,0,0,0,0,0,0,1,0,0.4,0.4,0.8,1.2,7,71,17,0.00,0.00,0.00,0.00,0.00,0.04,0.06,0.10,0.04,0.10,Partidos
RL,Jugador,País,Posc,Equipo,Edad,Nacimiento,PJ,Titular,Mín,90 s,Gls.,Ass,G+A,G-TP,TP,TPint,TA,TR,xG,npxG,xAG,npxG+xAG,PrgC,PrgP,PrgR,Gls.,Ast,G+A,G-TP,G+A-TP,xG,xAG,xG+xAG,npxG,npxG+xAG,Partidos
251,Miguel Juan Llambrich,es ESP,"DF,DL",Villarreal,22,1996,8,5,544,6.0,0,0,0,0,0,0,1,0,0.1,0.1,0.2,0.3,15,15,28,0.00,0.00,0.00,0.00,0.00,0.01,0.03,0.05,0.01,0.05,Partidos
252,Juanfran,es ESP,"DF,DL",Leganés,29,1988,23,17,1459,16.2,1,1,2,1,0,0,0,0,0.4,0.4,1.9,2.4,39,56,103,0.06,0.06,0.12,0.06,0.12,0.03,0.12,0.15,0.03,0.15,Partidos
253,Juanfran,es ESP,DF,Atlético Madrid,33,1985,22,18,1609,17.9,0,2,2,0,0,0,7,0,0.0,0.0,3.5,3.5,53,57,86,0.00,0.11,0.11,0.00,0.11,0.00,0.19,0.19,0.00,0.19,Partidos
254,Juanmi,es ESP,"DL,CC",Real Sociedad,25,1993,30,16,1523,16.9,5,2,7,5,0,0,5,1,6.6,6.6,1.5,8.1,27,21,86,0.30,0.12,0.41,0.30,0.41,0.39,0.09,0.48,0.39,0.48,Partidos
255,Juanpe,es ESP,DF,Girona,27,1991,33,31,2767,30.7,0,0,0,0,0,0,8,0,1.7,1.7,0.2,1.9,18,91,3,0.00,0.00,0.00,0.00,0.00,0.05,0.01,0.06,0.05,0.06,Partidos
256,Juanpi,ve VEN,"CC,DL",Huesca,24,1994,14,8,670,7.4,2,2,4,1,1,1,2,0,2.0,1.2,0.5,1.7,21,20,23,0.27,0.27,0.54,0.13,0.40,0.27,0.06,0.33,0.16,0.22,Partidos
257,David Juncà,es ESP,DF,Celta Vigo,24,1993,21,21,1754,19.5,0,3,3,0,0,0,6,0,0.5,0.5,0.9,1.4,47,64,79,0.00,0.15,0.15,0.00,0.15,0.02,0.05,0.07,0.02,0.07,Partidos
258,Vinicius Júnior,br BRA,"DL,CC",Real Madrid,18,2000,18,9,869,9.7,2,0,2,2,0,0,0,0,3.6,3.6,1.5,5.1,76,17,141,0.21,0.00,0.21,0.21,0.21,0.37,0.16,0.53,0.37,0.53,Partidos
259,Gaël Kakuta,cd COD,"CC,DL",Rayo Vallecano,27,1991,12,9,717,8.0,1,0,1,0,1,1,1,0,1.1,0.3,0.2,0.6,27,28,64,0.13,0.00,0.13,0.00,0.00,0.14,0.03,0.17,0.04,0.07,Partidos
260,Nikola Kalinić,hr CRO,DL,Atlético Madrid,30,1988,17,7,642,7.1,2,0,2,2,0,0,3,0,1.8,1.8,0.2,2.0,5,4,43,0.28,0.00,0.28,0.28,0.28,0.25,0.02,0.27,0.25,0.27,Partidos
261,Lee Kang-in,kr KOR,"CC,DL",Valencia,17,2001,3,0,24,0.3,0,0,0,0,0,0,1,0,0.0,0.0,0.0,0.1,2,2,2,0.00,0.00,0.00,0.00,0.00,0.09,0.17,0.26,0.09,0.26,Partidos
262,Wilfrid Kaptoum,cm CMR,CC,Betis,22,1996,10,9,773,8.6,0,0,0,0,0,0,2,0,0.1,0.1,0.1,0.2,16,22,17,0.00,0.00,0.00,0.00,0.00,0.02,0.01,0.02,0.02,0.02,Partidos
263,Keko,es ESP,"CC,DL",Valladolid,26,1991,26,20,1533,17.0,2,1,3,2,0,0,2,0,3.4,3.4,1.6,5.1,64,33,125,0.12,0.06,0.18,0.12,0.18,0.20,0.09,0.30,0.20,0.30,Partidos
264,Kiké,es ESP,DL,Eibar,28,1989,30,15,1298,14.4,3,0,3,3,0,0,0,0,5.6,5.6,1.8,7.4,13,27,128,0.21,0.00,0.21,0.21,0.21,0.39,0.13,0.51,0.39,0.51,Partidos
265,Simon Kjær,dk DEN,DF,Sevilla,29,1989,26,25,2008,22.3,0,0,0,0,0,0,5,0,0.9,0.9,0.5,1.4,2,51,2,0.00,0.00,0.00,0.00,0.00,0.04,0.02,0.06,0.04,0.06,Partidos
266,Kenan Kodro,ba BIH,"DL,CC",Athletic Club,24,1993,11,0,161,1.8,1,0,1,1,0,0,0,0,0.2,0.2,0.1,0.3,1,0,16,0.56,0.00,0.56,0.56,0.56,0.11,0.05,0.16,0.11,0.16,Partidos
267,Koke,es ESP,CC,Atlético Madrid,26,1992,30,29,2586,28.7,3,5,8,3,0,0,10,1,1.5,1.5,4.8,6.2,24,174,72,0.10,0.17,0.28,0.10,0.28,0.05,0.17,0.22,0.05,0.22,Partidos
268,Geoffrey Kondogbia,cf CTA,CC,Valencia,25,1993,19,14,1245,13.8,1,1,2,1,0,0,1,0,2.2,2.2,0.9,3.1,14,87,10,0.07,0.07,0.14,0.07,0.14,0.16,0.07,0.22,0.16,0.22,Partidos
269,Vasyl Kravets,ua UKR,"DF,DL",Leganés,20,1997,6,6,481,5.3,0,0,0,0,0,0,2,0,0.1,0.1,0.9,1.1,8,17,41,0.00,0.00,0.00,0.00,0.00,0.02,0.18,0.20,0.02,0.20,Partidos
270,Toni Kroos,de GER,CC,Real Madrid,28,1990,28,26,2221,24.7,0,4,4,0,0,0,2,0,1.4,1.4,5.3,6.7,56,269,39,0.00,0.16,0.16,0.00,0.16,0.06,0.21,0.27,0.06,0.27,Partidos
271,Víctor Laguardia,es ESP,DF,Alavés,28,1989,36,36,3240,36.0,1,2,3,1,0,0,13,0,1.7,1.7,1.0,2.7,11,92,11,0.03,0.06,0.08,0.03,0.08,0.05,0.03,0.08,0.05,0.08,Partidos
272,Diego Lainez,mx MEX,"DL,CC",Betis,18,2000,12,3,353,3.9,0,1,1,0,0,0,2,0,0.3,0.3,0.4,0.7,17,8,43,0.00,0.25,0.25,0.00,0.25,0.09,0.09,0.18,0.09,0.18,Partidos
273,Toni Lato,es ESP,DF,Valencia,20,1997,4,3,270,3.0,0,0,0,0,0,0,1,0,0.1,0.1,0.0,0.2,2,14,10,0.00,0.00,0.00,0.00,0.00,0.04,0.02,0.06,0.04,0.06,Partidos
274,Miguel Layún,mx MEX,"CC,DF",Villarreal,30,1988,8,5,506,5.6,0,1,1,0,0,0,1,0,0.5,0.4,0.9,1.3,10,18,45,0.00,0.18,0.18,0.00,0.18,0.08,0.16,0.25,0.07,0.23,Partidos
275,Robin Le Normand,es ESP,DF,Real Sociedad,21,1996,4,3,284,3.2,0,1,1,0,0,0,1,0,0.2,0.2,0.9,1.1,0,12,0,0.00,0.32,0.32,0.00,0.32,0.06,0.28,0.34,0.06,0.34,Partidos
RL,Jugador,País,Posc,Equipo,Edad,Nacimiento,PJ,Titular,Mín,90 s,Gls.,Ass,G+A,G-TP,TP,TPint,TA,TR,xG,npxG,xAG,npxG+xAG,PrgC,PrgP,PrgR,Gls.,Ast,G+A,G-TP,G+A-TP,xG,xAG,xG+xAG,npxG,npxG+xAG,Partidos
276,Wu Lei,cn CHN,"DL,CC",Espanyol,26,1991,16,12,1061,11.8,3,1,4,3,0,0,1,0,5.1,5.1,1.5,6.5,29,23,81,0.25,0.08,0.34,0.25,0.34,0.43,0.12,0.56,0.43,0.56,Partidos
277,Iñigo Lekue,es ESP,DF,Athletic Club,25,1993,4,2,211,2.3,0,0,0,0,0,0,1,0,0.0,0.0,0.1,0.1,7,5,9,0.00,0.00,0.00,0.00,0.00,0.00,0.05,0.05,0.00,0.05,Partidos
278,Thomas Lemar,fr FRA,CC,Atlético Madrid,22,1995,31,22,1817,20.2,3,3,6,3,0,0,4,0,3.0,3.0,3.3,6.3,64,84,125,0.15,0.15,0.30,0.15,0.30,0.15,0.17,0.31,0.15,0.31,Partidos
279,Clément Lenglet,fr FRA,DF,Barcelona,23,1995,23,22,1933,21.5,1,0,1,1,0,0,8,1,0.9,0.9,0.0,0.9,6,49,2,0.05,0.00,0.05,0.05,0.05,0.04,0.00,0.04,0.04,0.04,Partidos
280,Pedro León,es ESP,"CC,DL",Eibar,31,1986,9,5,425,4.7,1,0,1,1,0,0,0,0,1.0,1.0,0.3,1.2,12,11,45,0.21,0.00,0.21,0.21,0.21,0.21,0.05,0.26,0.21,0.26,Partidos
281,Sergio León,es ESP,"DL,CC",Betis,29,1989,16,6,638,7.1,0,1,1,0,0,0,1,0,0.6,0.6,0.6,1.2,6,3,39,0.00,0.14,0.14,0.00,0.14,0.08,0.09,0.17,0.08,0.17,Partidos
282,Diego Llorente,es ESP,DF,Real Sociedad,24,1993,21,20,1752,19.5,0,0,0,0,0,0,5,0,0.5,0.5,0.1,0.6,21,58,7,0.00,0.00,0.00,0.00,0.00,0.03,0.00,0.03,0.03,0.03,Partidos
283,Marcos Llorente,es ESP,CC,Real Madrid,23,1995,7,6,540,6.0,0,0,0,0,0,0,1,0,0.1,0.1,0.2,0.3,10,18,6,0.00,0.00,0.00,0.00,0.00,0.01,0.03,0.04,0.01,0.04,Partidos
284,Giovani Lo Celso,ar ARG,"CC,DL",Betis,22,1996,32,27,2397,26.6,9,4,13,7,2,4,5,0,8.2,5.0,4.0,9.0,127,175,125,0.34,0.15,0.49,0.26,0.41,0.31,0.15,0.46,0.19,0.34,Partidos
285,Stanislav Lobotka,sk SVK,CC,Celta Vigo,23,1994,31,27,2489,27.7,0,1,1,0,0,0,1,0,0.9,0.9,0.9,1.8,46,118,34,0.00,0.04,0.04,0.00,0.04,0.03,0.03,0.06,0.03,0.06,Partidos
286,Samuele Longo,it ITA,DL,Huesca,26,1992,15,6,556,6.2,1,2,3,1,0,0,4,0,1.8,1.8,1.7,3.5,4,7,25,0.16,0.32,0.49,0.16,0.49,0.29,0.27,0.56,0.29,0.56,Partidos
287,Álex López,es ESP,CC,Espanyol,21,1997,4,1,112,1.2,0,0,0,0,0,0,1,0,0.0,0.0,0.0,0.0,2,9,3,0.00,0.00,0.00,0.00,0.00,0.02,0.00,0.02,0.02,0.02,Partidos
288,David López,es ESP,DF,Espanyol,28,1989,21,21,1819,20.2,0,0,0,0,0,0,4,0,1.0,1.0,0.3,1.3,23,81,9,0.00,0.00,0.00,0.00,0.00,0.05,0.02,0.06,0.05,0.06,Partidos
289,Diego López,es ESP,PO,Espanyol,36,1981,38,38,3420,38.0,0,0,0,0,0,0,2,0,0.0,0.0,0.0,0.0,0,1,0,0.00,0.00,0.00,0.00,0.00,0.00,0.00,0.00,0.00,0.00,Partidos
290,Javi López,es ESP,DF,Espanyol,32,1986,23,21,1948,21.6,0,1,1,0,0,0,5,1,0.7,0.7,0.9,1.7,43,86,79,0.00,0.05,0.05,0.00,0.05,0.03,0.04,0.08,0.03,0.08,Partidos
291,Lluis López,es ESP,DF,Espanyol,21,1997,6,5,521,5.8,0,0,0,0,0,0,0,0,0.2,0.2,0.0,0.2,3,18,0,0.00,0.00,0.00,0.00,0.00,0.04,0.00,0.04,0.04,0.04,Partidos
292,Pedro López Muñoz,es ESP,DF,Levante,34,1983,8,4,465,5.2,0,1,1,0,0,0,1,0,0.1,0.1,0.5,0.6,15,22,19,0.00,0.19,0.19,0.00,0.19,0.02,0.10,0.11,0.02,0.11,Partidos
293,Pau López,es ESP,PO,Betis,23,1994,33,33,2970,33.0,0,0,0,0,0,0,3,0,0.0,0.0,0.0,0.0,0,1,0,0.00,0.00,0.00,0.00,0.00,0.00,0.00,0.00,0.00,0.00,Partidos
294,Roberto López,es ESP,CC,Real Sociedad,18,2000,1,0,29,0.3,0,0,0,0,0,0,0,0,0.0,0.0,0.0,0.0,0,0,0,0.00,0.00,0.00,0.00,0.00,0.00,0.00,0.00,0.00,0.00,Partidos
295,Unai López,es ESP,CC,Athletic Club,22,1995,7,3,328,3.6,0,0,0,0,0,0,1,0,0.2,0.2,0.4,0.6,13,31,14,0.00,0.00,0.00,0.00,0.00,0.06,0.11,0.17,0.06,0.17,Partidos
296,Anthony Lozano,hn HON,"DL,CC",Girona,25,1993,20,7,730,8.1,0,0,0,0,0,0,4,1,2.3,2.3,0.4,2.7,21,11,50,0.00,0.00,0.00,0.00,0.00,0.29,0.05,0.33,0.29,0.33,Partidos
297,Filipe Luís,br BRA,DF,Atlético Madrid,32,1985,27,24,2030,22.6,2,2,4,2,0,0,4,0,0.8,0.8,1.1,1.9,71,110,67,0.09,0.09,0.18,0.09,0.18,0.04,0.05,0.09,0.04,0.09,Partidos
298,José Luis Gayà,es ESP,DF,Valencia,23,1995,35,35,3137,34.9,1,1,2,1,0,0,10,0,1.0,1.0,2.3,3.3,96,158,159,0.03,0.03,0.06,0.03,0.06,0.03,0.07,0.09,0.03,0.09,Partidos
299,José Luis Morales,es ESP,"DL,CC",Levante,31,1987,37,35,3195,35.5,12,5,17,9,3,5,7,0,13.6,9.7,6.0,15.7,120,87,265,0.34,0.14,0.48,0.25,0.39,0.38,0.17,0.55,0.27,0.44,Partidos
300,Luisinho,pt POR,DF,Huesca,33,1985,7,6,507,5.6,0,0,0,0,0,0,4,0,0.1,0.1,0.7,0.7,15,16,8,0.00,0.00,0.00,0.00,0.00,0.01,0.12,0.13,0.01,0.13,Partidos
RL,Jugador,País,Posc,Equipo,Edad,Nacimiento,PJ,Titular,Mín,90 s,Gls.,Ass,G+A,G-TP,TP,TPint,TA,TR,xG,npxG,xAG,npxG+xAG,PrgC,PrgP,PrgR,Gls.,Ast,G+A,G-TP,G+A-TP,xG,xAG,xG+xAG,npxG,npxG+xAG,Partidos
301,Douglas Luiz,br BRA,CC,Girona,20,1998,23,16,1490,16.6,0,0,0,0,0,0,7,0,1.6,1.6,0.5,2.1,29,90,16,0.00,0.00,0.00,0.00,0.00,0.10,0.03,0.13,0.10,0.13,Partidos
302,Antonio Luna,es ESP,"DF,DL",Levante,27,1991,16,14,1258,14.0,0,2,2,0,0,0,4,0,0.2,0.2,1.8,1.9,29,48,70,0.00,0.14,0.14,0.00,0.14,0.01,0.13,0.14,0.01,0.14,Partidos
303,Andriy Lunin,ua UKR,PO,Leganés,19,1999,5,4,365,4.1,0,0,0,0,0,0,0,0,0.0,0.0,0.0,0.0,0,0,0,0.00,0.00,0.00,0.00,0.00,0.00,0.00,0.00,0.00,0.00,Partidos
304,Nemanja Maksimović,rs SRB,CC,Getafe,23,1995,36,36,3209,35.7,1,0,1,1,0,0,4,0,2.6,2.6,0.5,3.1,22,83,28,0.03,0.00,0.03,0.03,0.03,0.07,0.01,0.09,0.07,0.09,Partidos
305,Malcom,br BRA,"DL,CC",Barcelona,21,1997,15,6,614,6.8,1,2,3,1,0,0,0,0,1.4,1.4,1.7,3.1,26,18,98,0.15,0.29,0.44,0.15,0.44,0.20,0.25,0.45,0.20,0.45,Partidos
306,Hugo Mallo,es ESP,DF,Celta Vigo,27,1991,35,35,3092,34.4,1,4,5,1,0,0,11,0,1.8,1.8,4.7,6.5,79,136,201,0.03,0.12,0.15,0.03,0.15,0.05,0.14,0.19,0.05,0.19,Partidos
307,Aïssa Mandi,dz ALG,DF,Betis,26,1991,35,34,3059,34.0,1,1,2,1,0,0,10,0,0.6,0.6,1.5,2.2,23,172,17,0.03,0.03,0.06,0.03,0.06,0.02,0.04,0.06,0.02,0.06,Partidos
308,Martín Mantovani,ar ARG,DF,Huesca,34,1984,9,6,701,7.8,2,0,2,2,0,0,2,0,0.5,0.5,0.0,0.5,0,10,0,0.26,0.00,0.26,0.26,0.26,0.06,0.00,0.06,0.06,0.06,Partidos
309,Fran Manzanara,es ESP,"DF,CC",Levante,21,1996,4,1,157,1.7,0,0,0,0,0,0,0,0,0.6,0.6,0.0,0.6,0,3,0,0.00,0.00,0.00,0.00,0.00,0.36,0.00,0.36,0.36,0.36,Partidos
310,Marcelo,br BRA,DF,Real Madrid,30,1988,23,21,1853,20.6,2,2,4,2,0,0,6,0,1.9,1.9,3.1,5.0,60,183,151,0.10,0.10,0.19,0.10,0.19,0.10,0.15,0.24,0.10,0.24,Partidos
311,Óscar de Marcos,es ESP,"DF,DL",Athletic Club,29,1989,30,28,2421,26.9,1,2,3,1,0,0,7,2,1.3,1.3,3.3,4.6,58,107,200,0.04,0.07,0.11,0.04,0.11,0.05,0.12,0.17,0.05,0.17,Partidos
312,Miguel Marí,es ESP,CC,Eibar,21,1997,2,0,69,0.8,0,0,0,0,0,0,0,0,0.0,0.0,0.0,0.0,0,3,1,0.00,0.00,0.00,0.00,0.00,0.03,0.00,0.03,0.03,0.03,Partidos
313,José María Giménez,uy URU,DF,Atlético Madrid,23,1995,21,19,1772,19.7,0,0,0,0,0,0,5,0,1.2,1.2,0.5,1.7,4,29,1,0.00,0.00,0.00,0.00,0.00,0.06,0.03,0.09,0.06,0.09,Partidos
314,Mariano,do DOM,DL,Real Madrid,24,1993,13,3,447,5.0,3,0,3,3,0,0,2,0,2.6,2.6,1.0,3.6,4,9,36,0.60,0.00,0.60,0.60,0.60,0.53,0.20,0.73,0.53,0.73,Partidos
315,Adrián Marín,es ESP,"DF,CC",Alavés,21,1997,6,2,290,3.2,0,0,0,0,0,0,2,0,0.3,0.3,0.0,0.3,4,8,7,0.00,0.00,0.00,0.00,0.00,0.08,0.00,0.08,0.08,0.08,Partidos
316,Guillermo Maripán,cl CHI,DF,Alavés,24,1994,23,22,2008,22.3,2,2,4,2,0,0,5,0,2.5,2.5,1.0,3.5,10,48,1,0.09,0.09,0.18,0.09,0.18,0.11,0.04,0.16,0.11,0.16,Partidos
317,Roger Martí,es ESP,DL,Levante,27,1991,31,23,1887,21.0,13,0,13,11,2,2,5,0,12.8,11.3,1.0,12.2,27,30,104,0.62,0.00,0.62,0.52,0.52,0.61,0.05,0.66,0.54,0.58,Partidos
318,Iñigo Martínez,es ESP,DF,Athletic Club,27,1991,33,33,2902,32.2,0,0,0,0,0,0,12,0,2.1,2.1,0.6,2.7,37,116,18,0.00,0.00,0.00,0.00,0.00,0.07,0.02,0.09,0.07,0.09,Partidos
319,Gelson Martins,pt POR,"DL,CC",Atlético Madrid,23,1995,8,1,229,2.5,0,0,0,0,0,0,0,0,0.3,0.3,0.1,0.3,14,4,28,0.00,0.00,0.00,0.00,0.00,0.11,0.02,0.13,0.11,0.13,Partidos
320,Jordi Masip,es ESP,PO,Valladolid,29,1989,35,35,3150,35.0,0,0,0,0,0,0,1,0,0.0,0.0,0.0,0.0,0,0,0,0.00,0.00,0.00,0.00,0.00,0.00,0.00,0.00,0.00,0.00,Partidos
321,Jaime Mata,es ESP,"DL,CC",Getafe,29,1988,34,27,2432,27.0,14,6,20,10,4,4,10,0,12.4,9.3,2.5,11.8,36,47,214,0.52,0.22,0.74,0.37,0.59,0.46,0.09,0.55,0.34,0.44,Partidos
322,Borja Mayoral,es ESP,DL,Levante,21,1997,29,16,1621,18.0,3,2,5,3,0,0,1,0,4.7,4.7,3.1,7.8,31,38,95,0.17,0.11,0.28,0.17,0.28,0.26,0.17,0.43,0.26,0.43,Partidos
323,Róbert Mazáň,sk SVK,DF,Celta Vigo,24,1994,1,1,90,1.0,0,0,0,0,0,0,0,0,0.0,0.0,0.1,0.1,0,2,3,0.00,0.00,0.00,0.00,0.00,0.02,0.09,0.12,0.02,0.12,Partidos
324,Álvaro Medrán,es ESP,CC,Rayo Vallecano,24,1994,21,12,1149,12.8,3,0,3,3,0,0,8,1,2.3,2.3,1.6,3.9,18,81,18,0.23,0.00,0.23,0.23,0.23,0.18,0.13,0.31,0.18,0.31,Partidos
325,Óscar Melendo,es ESP,"CC,DL",Espanyol,20,1997,32,22,1997,22.2,0,5,5,0,0,0,3,0,0.4,0.4,4.0,4.4,46,126,104,0.00,0.23,0.23,0.00,0.23,0.02,0.18,0.20,0.02,0.20,Partidos
RL,Jugador,País,Posc,Equipo,Edad,Nacimiento,PJ,Titular,Mín,90 s,Gls.,Ass,G+A,G-TP,TP,TPint,TA,TR,xG,npxG,xAG,npxG+xAG,PrgC,PrgP,PrgR,Gls.,Ast,G+A,G-TP,G+A-TP,xG,xAG,xG+xAG,npxG,npxG+xAG,Partidos
326,Gonzalo Melero,es ESP,CC,Huesca,24,1994,22,14,1345,14.9,2,1,3,1,1,2,3,0,5.1,3.5,1.9,5.4,24,95,29,0.13,0.07,0.20,0.07,0.13,0.34,0.13,0.47,0.23,0.36,Partidos
327,Arthur Melo,br BRA,CC,Barcelona,21,1996,27,19,1430,15.9,0,1,1,0,0,0,2,0,0.3,0.3,1.1,1.4,16,120,21,0.00,0.06,0.06,0.00,0.06,0.02,0.07,0.09,0.02,0.09,Partidos
328,Brais Méndez,es ESP,"CC,DL",Celta Vigo,21,1997,31,27,2349,26.1,6,7,13,5,1,1,5,0,5.5,4.7,4.1,8.7,60,112,158,0.23,0.27,0.50,0.19,0.46,0.21,0.16,0.36,0.18,0.33,Partidos
329,Gabriel Mercado,ar ARG,DF,Sevilla,31,1987,23,19,1738,19.3,2,1,3,2,0,0,10,0,1.8,1.8,0.4,2.2,5,52,5,0.10,0.05,0.16,0.10,0.16,0.09,0.02,0.11,0.09,0.11,Partidos
330,Mikel Merino,es ESP,CC,Real Sociedad,22,1996,29,24,2055,22.8,3,3,6,3,0,0,10,1,2.9,2.9,2.4,5.3,31,142,62,0.13,0.13,0.26,0.13,0.26,0.13,0.11,0.23,0.13,0.23,Partidos
331,Sabin Merino,es ESP,"DL,CC",Leganés,26,1992,12,2,295,3.3,0,0,0,0,0,0,0,0,1.5,1.5,0.1,1.5,3,6,32,0.00,0.00,0.00,0.00,0.00,0.45,0.02,0.47,0.45,0.47,Partidos
332,Martín Merquelanz,es ESP,CC,Real Sociedad,23,1995,1,0,6,0.1,0,0,0,0,0,0,0,0,0.0,0.0,0.0,0.0,0,0,0,0.00,0.00,0.00,0.00,0.00,0.00,0.00,0.00,0.00,0.00,Partidos
333,Roque Mesa,es ESP,CC,Sevilla,29,1989,31,20,1746,19.4,2,2,4,2,0,0,11,1,1.2,1.2,1.7,2.9,45,98,56,0.10,0.10,0.21,0.10,0.21,0.06,0.09,0.15,0.06,0.15,Partidos
334,Lionel Messi,ar ARG,DL,Barcelona,31,1987,34,29,2713,30.1,36,13,49,32,4,5,3,0,23.8,19.9,14.4,34.2,153,328,206,1.19,0.43,1.63,1.06,1.49,0.79,0.48,1.27,0.66,1.14,Partidos
335,Míchel,es ESP,CC,Valladolid,30,1988,35,27,2553,28.4,1,2,3,1,0,1,9,0,1.5,0.7,4.2,4.9,34,214,39,0.04,0.07,0.11,0.04,0.11,0.05,0.15,0.20,0.02,0.17,Partidos
336,Miguel,es ESP,DL,Valladolid,18,1999,2,0,12,0.1,0,0,0,0,0,0,0,0,0.1,0.1,0.0,0.1,0,0,2,0.00,0.00,0.00,0.00,0.00,0.91,0.00,0.91,0.91,0.91,Partidos
337,Pere Milla,es ESP,"CC,DL",Eibar,25,1992,5,5,341,3.8,0,0,0,0,0,0,0,0,0.2,0.2,0.2,0.4,4,7,29,0.00,0.00,0.00,0.00,0.00,0.05,0.05,0.10,0.05,0.10,Partidos
338,Santi Mina,es ESP,DL,Valencia,22,1995,30,23,1852,20.6,7,5,12,7,0,0,4,0,8.1,7.9,3.9,11.8,23,34,133,0.34,0.24,0.58,0.34,0.58,0.39,0.19,0.58,0.38,0.58,Partidos
339,Ignasi Miquel,es ESP,DF,Getafe,25,1992,7,4,316,3.5,0,0,0,0,0,0,1,0,0.0,0.0,0.0,0.0,1,6,0,0.00,0.00,0.00,0.00,0.00,0.00,0.00,0.00,0.00,0.00,Partidos
340,Jorge Miramón,es ESP,DF,Huesca,29,1989,30,30,2492,27.7,1,0,1,1,0,0,5,0,0.8,0.8,1.9,2.7,66,118,86,0.04,0.00,0.04,0.04,0.04,0.03,0.07,0.10,0.03,0.10,Partidos
341,Luka Modrić,hr CRO,CC,Real Madrid,32,1985,34,31,2608,29.0,3,6,9,3,0,0,6,0,2.7,2.7,3.8,6.4,68,295,108,0.10,0.21,0.31,0.10,0.31,0.09,0.13,0.22,0.09,0.22,Partidos
342,Johan Mojica,co COL,"DL,CC",Girona,25,1992,1,0,20,0.2,0,0,0,0,0,0,0,0,0.0,0.0,0.0,0.0,1,1,2,0.00,0.00,0.00,0.00,0.00,0.00,0.00,0.00,0.00,0.00,Partidos
343,Jorge Molina,es ESP,DL,Getafe,36,1982,38,28,2648,29.4,14,5,19,12,2,2,2,0,11.5,9.9,6.6,16.5,35,84,193,0.48,0.17,0.65,0.41,0.58,0.39,0.23,0.61,0.34,0.56,Partidos
344,Victor Mollejo,es ESP,"DL,DF",Atlético Madrid,17,2001,4,0,65,0.7,0,0,0,0,0,0,0,0,0.1,0.1,0.0,0.1,1,0,5,0.00,0.00,0.00,0.00,0.00,0.11,0.03,0.14,0.11,0.14,Partidos
345,Francisco Montero,es ESP,DF,Atlético Madrid,19,1999,9,4,404,4.5,0,0,0,0,0,0,2,0,0.0,0.0,0.0,0.0,0,6,0,0.00,0.00,0.00,0.00,0.00,0.00,0.00,0.00,0.00,0.00,Partidos
346,Emre Mor,tr TUR,"DL,CC",Celta Vigo,21,1997,10,4,369,4.1,0,0,0,0,0,0,1,0,0.7,0.7,0.1,0.8,11,13,10,0.00,0.00,0.00,0.00,0.00,0.16,0.03,0.19,0.16,0.19,Partidos
347,Álvaro Morata,es ESP,DL,Atlético Madrid,25,1992,15,13,1083,12.0,6,1,7,6,0,0,5,0,6.3,6.3,0.7,7.0,31,12,79,0.50,0.08,0.58,0.50,0.58,0.52,0.05,0.58,0.52,0.58,Partidos
348,Álex Moreno,es ESP,DF,Rayo Vallecano,25,1993,36,36,3136,34.8,1,1,2,1,0,0,5,0,1.1,1.1,2.6,3.7,176,117,236,0.03,0.03,0.06,0.03,0.06,0.03,0.08,0.11,0.03,0.11,Partidos
349,Gerard Moreno,es ESP,DL,Villarreal,26,1992,35,25,2315,25.7,8,1,9,8,0,1,3,0,12.0,11.2,3.9,15.1,44,88,201,0.31,0.04,0.35,0.31,0.35,0.47,0.15,0.62,0.44,0.59,Partidos
350,Héctor Moreno,mx MEX,DF,Real Sociedad,30,1988,25,21,1933,21.5,1,0,1,1,0,0,2,0,0.6,0.6,0.5,1.1,27,94,6,0.05,0.00,0.05,0.05,0.05,0.03,0.03,0.05,0.03,0.05,Partidos
RL,Jugador,País,Posc,Equipo,Edad,Nacimiento,PJ,Titular,Mín,90 s,Gls.,Ass,G+A,G-TP,TP,TPint,TA,TR,xG,npxG,xAG,npxG+xAG,PrgC,PrgP,PrgR,Gls.,Ast,G+A,G-TP,G+A-TP,xG,xAG,xG+xAG,npxG,npxG+xAG,Partidos
351,Sergio Moreno,es ESP,DL,Rayo Vallecano,19,1999,1,0,14,0.2,0,0,0,0,0,0,0,0,0.3,0.3,0.0,0.3,0,0,0,0.00,0.00,0.00,0.00,0.00,2.21,0.00,2.21,2.21,2.21,Partidos
352,Manu Morlanes,es ESP,CC,Villarreal,19,1999,10,7,610,6.8,0,3,3,0,0,0,2,0,0.1,0.1,1.7,1.8,8,52,7,0.00,0.44,0.44,0.00,0.44,0.01,0.25,0.26,0.01,0.26,Partidos
353,Loren Morón,es ESP,DL,Betis,24,1993,33,22,1957,21.7,6,0,6,6,0,0,4,0,8.9,8.6,1.2,9.8,15,26,115,0.28,0.00,0.28,0.28,0.28,0.41,0.05,0.46,0.40,0.45,Partidos
354,Toni Moya,es ESP,DF,Atlético Madrid,20,1998,1,1,90,1.0,0,0,0,0,0,0,0,0,0.0,0.0,0.0,0.0,0,3,0,0.00,0.00,0.00,0.00,0.00,0.00,0.00,0.00,0.00,0.00,Partidos
355,Javi Moyano,es ESP,DF,Valladolid,32,1986,27,25,2098,23.3,0,0,0,0,0,0,3,0,0.3,0.3,0.3,0.6,19,69,59,0.00,0.00,0.00,0.00,0.00,0.01,0.01,0.03,0.01,0.03,Partidos
356,Iker Muniain,es ESP,"CC,DL",Athletic Club,25,1992,34,27,2383,26.5,7,3,10,6,1,1,7,0,7.1,6.3,3.3,9.6,64,179,108,0.26,0.11,0.38,0.23,0.34,0.27,0.13,0.39,0.24,0.36,Partidos
357,Marc Muniesa,es ESP,"DF,CC",Girona,26,1992,19,15,1406,15.6,0,0,0,0,0,0,6,0,0.5,0.5,0.5,0.9,11,62,25,0.00,0.00,0.00,0.00,0.00,0.03,0.03,0.06,0.03,0.06,Partidos
358,Aihen Muñoz,es ESP,DF,Real Sociedad,20,1997,11,11,951,10.6,0,0,0,0,0,0,0,0,0.1,0.1,0.3,0.4,28,24,43,0.00,0.00,0.00,0.00,0.00,0.01,0.03,0.03,0.01,0.03,Partidos
359,Ezequiel Muñoz,ar ARG,DF,Leganés,27,1990,3,2,211,2.3,0,0,0,0,0,0,0,0,0.2,0.2,0.0,0.2,1,4,0,0.00,0.00,0.00,0.00,0.00,0.09,0.00,0.09,0.09,0.09,Partidos
360,Joaquín Muñoz,es ESP,DL,Atlético Madrid,19,1999,1,0,1,0.0,0,0,0,0,0,0,0,0,0.0,0.0,0.0,0.0,0,0,0,0.00,0.00,0.00,0.00,0.00,0.00,0.00,0.00,0.00,0.00,Partidos
361,Luis Muriel,co COL,"CC,DL",Sevilla,27,1991,6,1,123,1.4,1,1,2,1,0,0,0,0,0.2,0.2,0.1,0.4,4,4,11,0.73,0.73,1.46,0.73,1.46,0.18,0.08,0.26,0.18,0.26,Partidos
362,Jeison Murillo,co COL,DF,Valencia,26,1992,1,1,90,1.0,0,0,0,0,0,0,0,0,0.0,0.0,0.0,0.0,1,1,0,0.00,0.00,0.00,0.00,0.00,0.00,0.00,0.00,0.00,0.00,Partidos
363,Jeison Murillo,co COL,DF,Barcelona,26,1992,2,1,113,1.3,0,0,0,0,0,0,0,0,0.0,0.0,0.0,0.0,2,13,0,0.00,0.00,0.00,0.00,0.00,0.04,0.00,0.04,0.04,0.04,Partidos
364,Damián Musto,ar ARG,"CC,DF",Huesca,31,1987,24,20,1686,18.7,0,0,0,0,0,0,11,0,1.2,1.2,0.3,1.5,5,73,10,0.00,0.00,0.00,0.00,0.00,0.06,0.02,0.08,0.06,0.08,Partidos
365,Nacho,es ESP,DF,Valladolid,29,1989,35,35,3150,35.0,1,3,4,1,0,0,10,0,0.6,0.6,3.7,4.2,81,151,179,0.03,0.09,0.11,0.03,0.11,0.02,0.10,0.12,0.02,0.12,Partidos
366,Nacho,es ESP,DF,Real Madrid,28,1990,20,19,1698,18.9,0,1,1,0,0,0,8,1,0.3,0.3,0.8,1.2,15,53,52,0.00,0.05,0.05,0.00,0.05,0.02,0.04,0.06,0.02,0.06,Partidos
367,Naldo,br BRA,DF,Espanyol,29,1988,16,16,1362,15.1,1,1,2,1,0,0,3,0,1.1,1.1,0.3,1.3,3,21,1,0.07,0.07,0.13,0.07,0.13,0.07,0.02,0.09,0.07,0.09,Partidos
368,Ximo Navarro,es ESP,DF,Alavés,28,1990,31,28,2533,28.1,2,2,4,2,0,0,7,0,0.7,0.7,1.5,2.2,35,68,38,0.07,0.07,0.14,0.07,0.14,0.02,0.05,0.08,0.02,0.08,Partidos
369,Jesús Navas,es ESP,"DF,DL",Sevilla,32,1985,32,31,2712,30.1,1,5,6,1,0,0,8,0,1.5,1.5,6.2,7.7,170,184,288,0.03,0.17,0.20,0.03,0.20,0.05,0.21,0.26,0.05,0.26,Partidos
370,Keylor Navas,cr CRC,PO,Real Madrid,31,1986,10,10,900,10.0,0,0,0,0,0,0,1,0,0.0,0.0,0.0,0.0,0,0,0,0.00,0.00,0.00,0.00,0.00,0.00,0.00,0.00,0.00,0.00,Partidos
371,Raúl Navas,es ESP,DF,Real Sociedad,30,1988,16,15,1310,14.6,0,0,0,0,0,0,4,0,0.3,0.3,0.3,0.6,13,45,1,0.00,0.00,0.00,0.00,0.00,0.02,0.02,0.04,0.02,0.04,Partidos
372,Neto,br BRA,PO,Valencia,29,1989,34,34,3060,34.0,0,0,0,0,0,0,2,0,0.0,0.0,0.1,0.1,0,1,0,0.00,0.00,0.00,0.00,0.00,0.00,0.00,0.00,0.00,0.00,Partidos
373,Saúl Ñíguez,es ESP,"CC,DF",Atlético Madrid,23,1994,33,32,2925,32.5,4,1,5,4,0,1,10,0,5.0,4.1,1.3,5.4,56,120,109,0.12,0.03,0.15,0.12,0.15,0.15,0.04,0.19,0.13,0.17,Partidos
374,Peru Nolaskoain,es ESP,DF,Athletic Club,19,1998,8,4,464,5.2,2,0,2,2,0,0,2,1,0.4,0.4,0.1,0.5,2,24,1,0.39,0.00,0.39,0.39,0.39,0.08,0.01,0.10,0.08,0.10,Partidos
375,Nolito,es ESP,"DL,DF",Sevilla,31,1986,4,1,76,0.8,0,0,0,0,0,0,0,0,0.5,0.5,0.0,0.5,4,2,12,0.00,0.00,0.00,0.00,0.00,0.61,0.00,0.61,0.61,0.61,Partidos
RL,Jugador,País,Posc,Equipo,Edad,Nacimiento,PJ,Titular,Mín,90 s,Gls.,Ass,G+A,G-TP,TP,TPint,TA,TR,xG,npxG,xAG,npxG+xAG,PrgC,PrgP,PrgR,Gls.,Ast,G+A,G-TP,G+A-TP,xG,xAG,xG+xAG,npxG,npxG+xAG,Partidos
376,Unai Núñez,es ESP,DF,Athletic Club,21,1997,12,11,1064,11.8,0,0,0,0,0,0,4,0,1.1,1.1,0.5,1.5,0,39,2,0.00,0.00,0.00,0.00,0.00,0.09,0.04,0.13,0.09,0.13,Partidos
377,Allan Nyom,cm CMR,"DF,DL",Leganés,30,1988,23,20,1708,19.0,1,1,2,1,0,0,7,1,0.3,0.3,2.2,2.5,22,46,79,0.05,0.05,0.11,0.05,0.11,0.01,0.12,0.13,0.01,0.13,Partidos
378,Jan Oblak,si SVN,PO,Atlético Madrid,25,1993,37,37,3330,37.0,0,0,0,0,0,0,1,0,0.0,0.0,0.0,0.0,0,0,0,0.00,0.00,0.00,0.00,0.00,0.00,0.00,0.00,0.00,0.00,Partidos
379,Álvaro Odriozola,es ESP,DF,Real Madrid,22,1995,14,14,1178,13.1,0,2,2,0,0,0,2,0,0.5,0.5,3.2,3.6,52,38,136,0.00,0.15,0.15,0.00,0.15,0.03,0.24,0.28,0.03,0.28,Partidos
380,Dani Ojeda,es ESP,"CC,DF",Leganés,23,1994,5,2,193,2.1,0,0,0,0,0,0,1,0,0.4,0.4,0.1,0.5,1,3,12,0.00,0.00,0.00,0.00,0.00,0.17,0.05,0.23,0.17,0.23,Partidos
381,Lucas Olaza,uy URU,DF,Celta Vigo,24,1994,10,10,897,10.0,0,2,2,0,0,0,2,0,0.0,0.0,0.6,0.6,16,18,30,0.00,0.20,0.20,0.00,0.20,0.00,0.06,0.06,0.00,0.06,Partidos
382,Oier Olazábal,es ESP,PO,Levante,28,1989,21,21,1890,21.0,0,0,0,0,0,0,1,0,0.0,0.0,0.1,0.1,0,0,0,0.00,0.00,0.00,0.00,0.00,0.00,0.00,0.00,0.00,0.00,Partidos
383,Kiko Olivas,es ESP,DF,Valladolid,29,1988,35,35,3100,34.4,0,0,0,0,0,0,6,0,1.3,1.3,0.2,1.5,28,75,3,0.00,0.00,0.00,0.00,0.00,0.04,0.01,0.04,0.04,0.04,Partidos
384,Paulo Oliveira,pt POR,DF,Eibar,26,1992,28,24,2245,24.9,0,0,0,0,0,0,4,0,0.7,0.7,0.1,0.7,9,83,0,0.00,0.00,0.00,0.00,0.00,0.03,0.00,0.03,0.03,0.03,Partidos
385,Mathías Olivera,uy URU,"DF,CC",Getafe,20,1997,14,12,1007,11.2,0,1,1,0,0,0,6,1,0.4,0.4,0.9,1.3,27,36,41,0.00,0.09,0.09,0.00,0.09,0.04,0.08,0.12,0.04,0.12,Partidos
386,Kenneth Omeruo,ng NGA,DF,Leganés,24,1993,28,27,2433,27.0,0,0,0,0,0,0,7,0,0.2,0.2,0.1,0.2,4,56,0,0.00,0.00,0.00,0.00,0.00,0.01,0.00,0.01,0.01,0.01,Partidos
387,Fabián Orellana,cl CHI,"CC,DL",Eibar,32,1986,33,31,2733,30.4,3,5,8,2,1,1,4,0,7.2,6.4,5.4,11.8,92,134,304,0.10,0.16,0.26,0.07,0.23,0.24,0.18,0.42,0.21,0.39,Partidos
388,Mikel Oyarzabal,es ESP,"DL,CC",Real Sociedad,21,1997,37,36,3153,35.0,13,2,15,10,3,3,2,0,11.1,8.8,5.0,13.8,97,109,213,0.37,0.06,0.43,0.29,0.34,0.32,0.14,0.46,0.25,0.39,Partidos
389,Fernando Pacheco,es ESP,PO,Alavés,26,1992,35,35,3150,35.0,0,0,0,0,0,0,3,0,0.0,0.0,0.1,0.1,0,0,0,0.00,0.00,0.00,0.00,0.00,0.00,0.00,0.00,0.00,0.00,Partidos
390,Rubén Pardo,es ESP,"CC,DL",Real Sociedad,25,1992,24,16,1368,15.2,1,2,3,1,0,0,3,0,1.0,1.0,3.2,4.2,23,96,41,0.07,0.13,0.20,0.07,0.20,0.06,0.21,0.28,0.06,0.28,Partidos
391,Daniel Parejo,es ESP,CC,Valencia,29,1989,36,35,3061,34.0,9,7,16,4,5,6,5,1,8.1,3.4,7.8,11.2,49,292,48,0.26,0.21,0.47,0.12,0.32,0.24,0.23,0.47,0.10,0.33,Partidos
392,Thomas Partey,gh GHA,CC,Atlético Madrid,25,1993,32,22,2070,23.0,3,4,7,3,0,0,9,1,1.5,1.5,1.3,2.8,36,147,27,0.13,0.17,0.30,0.13,0.30,0.06,0.06,0.12,0.06,0.12,Partidos
393,Gabriel Paulista,br BRA,DF,Valencia,27,1990,30,30,2623,29.1,0,1,1,0,0,0,6,0,1.1,1.0,0.2,1.2,6,56,0,0.00,0.03,0.03,0.00,0.03,0.04,0.01,0.04,0.03,0.04,Partidos
394,Alfonso Pedraza,es ESP,"DF,DL",Villarreal,22,1996,34,22,2095,23.3,3,3,6,3,0,0,3,0,3.7,3.7,3.9,7.5,88,74,216,0.13,0.13,0.26,0.13,0.26,0.16,0.17,0.32,0.16,0.32,Partidos
395,Adrià Pedrosa,es ESP,DF,Espanyol,20,1998,12,8,763,8.5,1,0,1,1,0,0,1,0,0.5,0.5,1.0,1.5,21,19,37,0.12,0.00,0.12,0.12,0.12,0.06,0.12,0.17,0.06,0.17,Partidos
396,Rubén Peña,es ESP,DF,Eibar,27,1991,31,30,2674,29.7,1,2,3,1,0,0,4,0,0.8,0.8,4.4,5.2,114,211,150,0.03,0.07,0.10,0.03,0.10,0.03,0.15,0.17,0.03,0.17,Partidos
397,Carles Pérez,es ESP,DL,Barcelona,20,1998,1,0,18,0.2,0,0,0,0,0,0,0,0,0.1,0.1,0.0,0.1,1,1,1,0.00,0.00,0.00,0.00,0.00,0.36,0.00,0.36,0.36,0.36,Partidos
398,Hernán Pérez,py PAR,"DL,CC",Espanyol,29,1989,19,10,795,8.8,1,2,3,1,0,0,1,0,1.2,1.2,2.0,3.2,39,28,86,0.11,0.23,0.34,0.11,0.34,0.14,0.23,0.37,0.14,0.37,Partidos
399,Rubén Pérez,es ESP,CC,Leganés,29,1989,31,27,2474,27.5,0,0,0,0,0,0,7,1,0.3,0.3,1.2,1.6,10,140,10,0.00,0.00,0.00,0.00,0.00,0.01,0.05,0.06,0.01,0.06,Partidos
400,Pablo Piatti,ar ARG,"DL,CC",Espanyol,29,1989,20,6,743,8.3,1,0,1,1,0,0,0,0,1.4,1.4,1.4,2.8,25,28,64,0.12,0.00,0.12,0.12,0.12,0.17,0.17,0.34,0.17,0.34,Partidos
RL,Jugador,País,Posc,Equipo,Edad,Nacimiento,PJ,Titular,Mín,90 s,Gls.,Ass,G+A,G-TP,TP,TPint,TA,TR,xG,npxG,xAG,npxG+xAG,PrgC,PrgP,PrgR,Gls.,Ast,G+A,G-TP,G+A-TP,xG,xAG,xG+xAG,npxG,npxG+xAG,Partidos
401,Cristiano Piccini,it ITA,DF,Valencia,25,1992,23,21,1868,20.8,1,0,1,1,0,0,3,0,0.5,0.5,0.2,0.7,66,75,71,0.05,0.00,0.05,0.05,0.05,0.02,0.01,0.03,0.02,0.03,Partidos
402,Tomás Pina Isla,es ESP,CC,Alavés,30,1987,28,27,2340,26.0,2,0,2,2,0,0,13,0,1.4,1.4,1.2,2.7,12,132,14,0.08,0.00,0.08,0.08,0.08,0.05,0.05,0.10,0.05,0.10,Partidos
403,Gerard Piqué,es ESP,DF,Barcelona,31,1987,35,35,3150,35.0,4,2,6,4,0,0,6,0,3.3,3.3,1.4,4.6,32,127,13,0.11,0.06,0.17,0.11,0.17,0.09,0.04,0.13,0.09,0.13,Partidos
404,Carles Planas,es ESP,DF,Girona,27,1991,7,4,419,4.7,0,1,1,0,0,0,3,0,0.1,0.1,0.3,0.4,7,13,31,0.00,0.21,0.21,0.00,0.21,0.02,0.07,0.09,0.02,0.09,Partidos
405,Óscar Plano,es ESP,"CC,DL",Valladolid,27,1991,33,30,2693,29.9,3,4,7,3,0,0,8,0,4.2,4.2,3.8,7.9,70,96,131,0.10,0.13,0.23,0.10,0.23,0.14,0.13,0.27,0.14,0.27,Partidos
406,Stiven Plaza,ec ECU,"DL,CC",Valladolid,19,1999,2,0,38,0.4,0,0,0,0,0,0,0,0,0.0,0.0,0.0,0.0,1,0,0,0.00,0.00,0.00,0.00,0.00,0.00,0.00,0.00,0.00,0.00,Partidos
407,Pere Pons,es ESP,CC,Girona,25,1993,34,32,2792,31.0,1,2,3,1,0,0,4,0,1.6,1.6,2.0,3.6,46,117,57,0.03,0.06,0.10,0.03,0.10,0.05,0.06,0.12,0.05,0.12,Partidos
408,Pedro Porro,es ESP,DF,Girona,18,1999,32,25,2211,24.6,0,4,4,0,0,0,4,0,1.6,1.6,2.9,4.5,82,109,145,0.00,0.16,0.16,0.00,0.16,0.07,0.12,0.18,0.07,0.18,Partidos
409,Francisco Portillo,es ESP,CC,Getafe,28,1990,32,19,1994,22.2,1,4,5,1,0,0,3,1,1.9,1.9,2.5,4.4,34,134,97,0.05,0.18,0.23,0.05,0.23,0.08,0.11,0.20,0.08,0.20,Partidos
410,Portu,es ESP,"DL,CC",Girona,26,1992,34,33,2821,31.3,9,2,11,8,1,1,3,0,7.9,7.1,4.2,11.4,98,85,269,0.29,0.06,0.35,0.26,0.32,0.25,0.14,0.39,0.23,0.36,Partidos
411,Sergio Postigo,es ESP,DF,Levante,29,1988,21,17,1449,16.1,1,1,2,1,0,0,4,1,0.9,0.9,0.7,1.6,9,44,3,0.06,0.06,0.12,0.06,0.12,0.06,0.04,0.10,0.06,0.10,Partidos
412,José Pozo,es ESP,CC,Rayo Vallecano,22,1996,29,16,1617,18.0,3,0,3,3,0,0,4,0,2.6,2.6,1.9,4.5,68,119,95,0.17,0.00,0.17,0.17,0.17,0.15,0.11,0.25,0.15,0.25,Partidos
413,Sanjin Prcić,ba BIH,CC,Levante,24,1993,10,6,532,5.9,0,0,0,0,0,0,3,0,0.2,0.2,0.0,0.2,5,37,3,0.00,0.00,0.00,0.00,0.00,0.04,0.00,0.04,0.04,0.04,Partidos
414,Quincy Promes,nl NED,"DL,DF",Sevilla,26,1992,33,15,1583,17.6,2,3,5,2,0,1,2,0,2.9,2.0,4.5,6.5,82,80,143,0.11,0.17,0.28,0.11,0.28,0.16,0.25,0.42,0.11,0.37,Partidos
415,Javi Puado,es ESP,"DL,CC",Espanyol,20,1998,15,2,359,4.0,0,0,0,0,0,0,0,0,0.9,0.9,0.5,1.4,15,5,35,0.00,0.00,0.00,0.00,0.00,0.21,0.13,0.34,0.21,0.34,Partidos
416,Riqui Puig,es ESP,CC,Barcelona,18,1999,2,2,156,1.7,0,0,0,0,0,0,0,0,0.0,0.0,0.7,0.7,5,16,8,0.00,0.00,0.00,0.00,0.00,0.00,0.41,0.41,0.00,0.41,Partidos
417,Jorge Pulido,es ESP,DF,Huesca,27,1991,32,32,2785,30.9,3,3,6,3,0,0,9,2,2.5,2.5,0.7,3.1,19,74,47,0.10,0.10,0.19,0.10,0.19,0.08,0.02,0.10,0.08,0.10,Partidos
418,Xavi Quintillà,es ESP,DF,Villarreal,21,1996,7,7,627,7.0,0,0,0,0,0,0,1,0,0.1,0.1,0.3,0.5,12,24,18,0.00,0.00,0.00,0.00,0.00,0.02,0.05,0.07,0.02,0.07,Partidos
419,Dani Raba,es ESP,"CC,DL",Villarreal,22,1995,8,2,191,2.1,0,1,1,0,0,0,0,0,0.1,0.1,0.8,0.9,4,7,15,0.00,0.47,0.47,0.00,0.47,0.04,0.39,0.43,0.04,0.43,Partidos
420,Rafinha,br BRA,"DL,CC",Barcelona,25,1993,5,3,223,2.5,0,0,0,0,0,0,1,0,0.4,0.4,0.1,0.4,5,5,13,0.00,0.00,0.00,0.00,0.00,0.16,0.02,0.18,0.16,0.18,Partidos
421,Ivan Rakitić,hr CRO,CC,Barcelona,30,1988,34,29,2643,29.4,3,5,8,3,0,0,7,1,2.6,2.6,2.0,4.6,56,263,71,0.10,0.17,0.27,0.10,0.27,0.09,0.07,0.16,0.09,0.16,Partidos
422,Jonás Ramalho,es ESP,DF,Girona,25,1993,22,18,1619,18.0,1,0,1,1,0,0,4,0,0.8,0.8,0.1,0.9,30,50,36,0.06,0.00,0.06,0.06,0.06,0.04,0.01,0.05,0.04,0.05,Partidos
423,Sandro Ramírez,es ESP,"DL,CC",Real Sociedad,23,1995,24,10,1055,11.7,0,0,0,0,0,0,4,0,2.5,2.5,1.2,3.8,30,40,89,0.00,0.00,0.00,0.00,0.00,0.22,0.11,0.32,0.22,0.32,Partidos
424,Iván Ramis,es ESP,DF,Eibar,33,1984,21,20,1677,18.6,0,0,0,0,0,0,4,0,1.3,1.3,0.1,1.4,10,75,1,0.00,0.00,0.00,0.00,0.00,0.07,0.00,0.07,0.07,0.07,Partidos
425,Chris Ramos,es ESP,DL,Valladolid,21,1997,1,1,63,0.7,0,0,0,0,0,0,0,0,0.0,0.0,0.0,0.0,0,1,1,0.00,0.00,0.00,0.00,0.00,0.00,0.00,0.00,0.00,0.00,Partidos
RL,Jugador,País,Posc,Equipo,Edad,Nacimiento,PJ,Titular,Mín,90 s,Gls.,Ass,G+A,G-TP,TP,TPint,TA,TR,xG,npxG,xAG,npxG+xAG,PrgC,PrgP,PrgR,Gls.,Ast,G+A,G-TP,G+A-TP,xG,xAG,xG+xAG,npxG,npxG+xAG,Partidos
426,Sergio Ramos,es ESP,DF,Real Madrid,32,1986,28,28,2474,27.5,6,1,7,1,5,5,7,1,7.1,3.2,0.6,3.8,27,135,7,0.22,0.04,0.25,0.04,0.07,0.26,0.02,0.28,0.12,0.14,Partidos
427,Recio,es ESP,CC,Leganés,27,1991,18,15,1285,14.3,0,0,0,0,0,0,9,0,0.3,0.3,0.3,0.6,21,65,19,0.00,0.00,0.00,0.00,0.00,0.02,0.02,0.04,0.02,0.04,Partidos
428,Sergio Reguilón,es ESP,DF,Real Madrid,21,1996,14,13,1119,12.4,0,2,2,0,0,0,3,0,0.2,0.2,1.8,2.0,48,77,86,0.00,0.16,0.16,0.00,0.16,0.02,0.14,0.16,0.02,0.16,Partidos
429,Diego Reyes,mx MEX,DF,Leganés,25,1992,6,4,320,3.6,0,0,0,0,0,0,1,0,0.0,0.0,0.1,0.1,3,17,0,0.00,0.00,0.00,0.00,0.00,0.00,0.03,0.03,0.00,0.03,Partidos
430,Mikel Rico,es ESP,CC,Athletic Club,33,1984,4,3,242,2.7,0,0,0,0,0,0,0,0,0.3,0.3,0.0,0.3,0,9,12,0.00,0.00,0.00,0.00,0.00,0.10,0.02,0.12,0.10,0.12,Partidos
431,Asier Riesgo,es ESP,PO,Eibar,34,1983,14,14,1260,14.0,0,0,0,0,0,0,1,0,0.0,0.0,0.0,0.0,0,0,0,0.00,0.00,0.00,0.00,0.00,0.00,0.00,0.00,0.00,0.00,Partidos
432,Cristian Rivera,es ESP,CC,Huesca,21,1997,22,19,1692,18.8,2,0,2,2,0,0,2,0,1.7,1.7,0.6,2.3,25,72,36,0.11,0.00,0.11,0.11,0.11,0.09,0.03,0.12,0.09,0.12,Partidos
433,Rober,es ESP,DF,Levante,23,1995,33,32,2854,31.7,1,0,1,1,0,0,6,0,0.9,0.9,0.7,1.6,19,86,5,0.03,0.00,0.03,0.03,0.03,0.03,0.02,0.05,0.03,0.05,Partidos
434,Sergi Roberto,es ESP,"DF,CC",Barcelona,26,1992,29,23,2088,23.2,0,7,7,0,0,0,3,0,0.5,0.5,3.6,4.1,66,104,222,0.00,0.30,0.30,0.00,0.30,0.02,0.15,0.18,0.02,0.18,Partidos
435,Patrick Roberts,eng ENG,"CC,DL",Girona,21,1997,19,6,601,6.7,0,0,0,0,0,0,0,0,0.8,0.8,0.3,1.2,30,26,52,0.00,0.00,0.00,0.00,0.00,0.12,0.05,0.17,0.12,0.17,Partidos
436,Joel Robles,es ESP,PO,Betis,28,1990,5,5,450,5.0,0,0,0,0,0,0,0,0,0.0,0.0,0.0,0.0,0,0,0,0.00,0.00,0.00,0.00,0.00,0.00,0.00,0.00,0.00,0.00,Partidos
437,Marc Roca,es ESP,CC,Espanyol,21,1996,35,35,3112,34.6,1,2,3,1,0,0,9,0,1.7,1.7,3.6,5.2,29,259,23,0.03,0.06,0.09,0.03,0.09,0.05,0.10,0.15,0.05,0.15,Partidos
438,Rubén Rochina,es ESP,CC,Levante,27,1991,27,23,1800,20.0,4,5,9,4,0,0,13,2,2.4,2.4,5.2,7.6,53,128,68,0.20,0.25,0.45,0.20,0.45,0.12,0.25,0.37,0.12,0.37,Partidos
439,Rodri,es ESP,CC,Atlético Madrid,22,1996,34,32,2735,30.4,3,1,4,3,0,0,5,0,2.7,2.7,1.4,4.1,26,152,13,0.10,0.03,0.13,0.10,0.13,0.09,0.04,0.13,0.09,0.13,Partidos
440,Rodrigo,es ESP,DL,Valencia,27,1991,33,29,2528,28.1,8,6,14,8,0,1,5,1,13.8,13.0,4.3,17.3,91,111,218,0.28,0.21,0.50,0.28,0.50,0.49,0.15,0.64,0.46,0.62,Partidos
441,Kévin Rodrigues,pt POR,DF,Real Sociedad,24,1994,7,5,484,5.4,0,0,0,0,0,0,1,0,0.1,0.1,0.3,0.3,10,18,30,0.00,0.00,0.00,0.00,0.00,0.01,0.05,0.06,0.01,0.06,Partidos
442,Ángel Rodríguez,es ESP,DL,Getafe,31,1987,37,20,1819,20.2,8,3,11,8,0,0,4,0,8.1,8.1,3.8,12.0,42,37,140,0.40,0.15,0.54,0.40,0.54,0.40,0.19,0.59,0.40,0.59,Partidos
443,Óscar Rodríguez Arnaiz,es ESP,CC,Leganés,20,1998,31,29,2504,27.8,4,3,7,4,0,0,6,0,4.0,4.0,4.7,8.6,58,114,131,0.14,0.11,0.25,0.14,0.25,0.14,0.17,0.31,0.14,0.31,Partidos
444,Marko Rog,hr CRO,CC,Sevilla,23,1995,10,4,357,4.0,0,0,0,0,0,0,5,0,0.1,0.1,0.1,0.2,10,21,4,0.00,0.00,0.00,0.00,0.00,0.02,0.03,0.04,0.02,0.04,Partidos
445,Diego Rolán,uy URU,"CC,DL",Leganés,25,1993,6,2,215,2.4,0,0,0,0,0,0,0,0,0.1,0.1,0.3,0.3,9,4,22,0.00,0.00,0.00,0.00,0.00,0.03,0.11,0.13,0.03,0.13,Partidos
446,Diego Rolán,uy URU,"CC,DL",Alavés,25,1993,9,3,298,3.3,0,0,0,0,0,0,1,0,0.9,0.9,0.2,1.2,16,9,18,0.00,0.00,0.00,0.00,0.00,0.28,0.07,0.35,0.28,0.35,Partidos
447,Facundo Roncaglia,ar ARG,DF,Valencia,31,1987,7,7,601,6.7,0,0,0,0,0,0,5,1,0.4,0.4,0.0,0.4,3,11,0,0.00,0.00,0.00,0.00,0.00,0.06,0.00,0.06,0.06,0.06,Partidos
448,Facundo Roncaglia,ar ARG,DF,Celta Vigo,31,1987,12,12,1070,11.9,0,0,0,0,0,0,3,0,0.0,0.0,0.1,0.1,5,26,13,0.00,0.00,0.00,0.00,0.00,0.00,0.01,0.01,0.00,0.01,Partidos
449,Roberto Rosales,ve VEN,DF,Espanyol,29,1988,21,20,1749,19.4,3,1,4,3,0,0,2,0,1.1,1.1,1.2,2.2,23,100,97,0.15,0.05,0.21,0.15,0.21,0.05,0.06,0.12,0.05,0.12,Partidos
450,Waldo Rubio,es ESP,CC,Valladolid,22,1995,8,5,492,5.5,1,0,1,1,0,0,1,0,1.0,1.0,0.3,1.2,20,15,39,0.18,0.00,0.18,0.18,0.18,0.18,0.05,0.23,0.18,0.23,Partidos
RL,Jugador,País,Posc,Equipo,Edad,Nacimiento,PJ,Titular,Mín,90 s,Gls.,Ass,G+A,G-TP,TP,TPint,TA,TR,xG,npxG,xAG,npxG+xAG,PrgC,PrgP,PrgR,Gls.,Ast,G+A,G-TP,G+A-TP,xG,xAG,xG+xAG,npxG,npxG+xAG,Partidos
451,Abel Ruiz,es ESP,DL,Barcelona,18,2000,1,0,22,0.2,0,0,0,0,0,0,0,0,0.4,0.4,0.1,0.4,4,2,3,0.00,0.00,0.00,0.00,0.00,1.47,0.32,1.80,1.47,1.80,Partidos
452,Víctor Ruiz,es ESP,DF,Villarreal,29,1989,22,22,1975,21.9,0,0,0,0,0,0,10,0,0.5,0.5,0.4,0.9,21,101,8,0.00,0.00,0.00,0.00,0.00,0.02,0.02,0.04,0.02,0.04,Partidos
453,Gerónimo Rulli,ar ARG,PO,Real Sociedad,26,1992,27,27,2430,27.0,0,0,0,0,0,0,3,0,0.0,0.0,0.0,0.0,0,1,0,0.00,0.00,0.00,0.00,0.00,0.00,0.00,0.00,0.00,0.00,Partidos
454,Samuel Sáiz,es ESP,CC,Getafe,27,1991,10,2,305,3.4,1,0,1,1,0,0,2,0,0.3,0.3,0.1,0.4,13,13,25,0.30,0.00,0.30,0.30,0.30,0.09,0.04,0.13,0.09,0.13,Partidos
455,Mikel San José,es ESP,CC,Athletic Club,29,1989,33,16,1733,19.3,0,0,0,0,0,0,7,0,1.0,1.0,1.7,2.7,11,98,33,0.00,0.00,0.00,0.00,0.00,0.05,0.09,0.14,0.05,0.14,Partidos
456,Antonio Sanabria,py PAR,DL,Betis,22,1996,15,8,811,9.0,2,0,2,1,1,1,2,0,3.3,2.5,0.0,2.5,12,9,27,0.22,0.00,0.22,0.11,0.11,0.37,0.00,0.37,0.28,0.28,Partidos
457,Javi Sánchez,es ESP,DF,Real Madrid,21,1997,1,0,46,0.5,0,0,0,0,0,0,1,0,0.0,0.0,0.0,0.0,0,0,0,0.00,0.00,0.00,0.00,0.00,0.00,0.00,0.00,0.00,0.00,Partidos
458,Víctor Sánchez,es ESP,CC,Espanyol,30,1987,24,13,1265,14.1,0,2,2,0,0,0,9,0,0.5,0.5,0.8,1.3,11,59,34,0.00,0.14,0.14,0.00,0.14,0.03,0.06,0.09,0.03,0.09,Partidos
459,Luca Sangalli,es ESP,"CC,DL",Real Sociedad,23,1995,18,12,999,11.1,1,3,4,1,0,0,0,0,1.5,1.5,1.3,2.8,20,36,34,0.09,0.27,0.36,0.09,0.36,0.14,0.11,0.25,0.14,0.25,Partidos
460,Nicola Sansone,it ITA,"DL,CC",Villarreal,26,1991,3,0,37,0.4,1,1,2,1,0,0,1,0,0.0,0.0,0.0,0.1,1,3,8,2.43,2.43,4.86,2.43,4.86,0.06,0.11,0.17,0.06,0.17,Partidos
461,Roberto Santamaría,es ESP,PO,Huesca,33,1985,20,20,1800,20.0,0,0,0,0,0,0,1,0,0.0,0.0,0.0,0.0,0,0,0,0.00,0.00,0.00,0.00,0.00,0.00,0.00,0.00,0.00,0.00,Partidos
462,Michael Santos,uy URU,"DL,CC",Leganés,25,1993,16,5,557,6.2,1,3,4,1,0,0,4,0,2.1,2.1,0.6,2.7,13,10,46,0.16,0.48,0.65,0.16,0.65,0.34,0.10,0.44,0.34,0.44,Partidos
463,Pablo Sarabia,es ESP,"CC,DL",Sevilla,26,1992,33,30,2724,30.3,12,13,25,11,1,1,9,0,12.0,11.3,11.1,22.4,100,191,327,0.40,0.43,0.83,0.36,0.79,0.40,0.37,0.77,0.37,0.74,Partidos
464,Lluís Sastre,es ESP,CC,Huesca,32,1986,4,1,120,1.3,0,0,0,0,0,0,0,0,0.0,0.0,0.0,0.0,0,12,1,0.00,0.00,0.00,0.00,0.00,0.00,0.02,0.02,0.00,0.02,Partidos
465,Stefan Savić,me MNE,DF,Atlético Madrid,27,1991,18,17,1398,15.5,0,2,2,0,0,0,5,1,0.7,0.7,0.7,1.4,3,40,3,0.00,0.13,0.13,0.00,0.13,0.04,0.04,0.09,0.04,0.09,Partidos
466,Alfa Semedo,gw GNB,CC,Espanyol,20,1997,3,0,45,0.5,0,0,0,0,0,0,1,0,0.0,0.0,0.0,0.1,3,3,1,0.00,0.00,0.00,0.00,0.00,0.09,0.04,0.14,0.09,0.14,Partidos
467,Nélson Semedo,pt POR,DF,Barcelona,24,1993,26,20,1600,17.8,1,0,1,1,0,0,4,0,0.3,0.3,0.3,0.6,54,44,119,0.06,0.00,0.06,0.06,0.06,0.02,0.02,0.03,0.02,0.03,Partidos
468,Rúben Semedo,pt POR,DF,Huesca,24,1994,11,9,850,9.4,0,0,0,0,0,0,4,0,0.6,0.6,0.2,0.8,1,25,1,0.00,0.00,0.00,0.00,0.00,0.06,0.02,0.08,0.06,0.08,Partidos
469,Paik Seung-ho,kr KOR,"DL,CC",Girona,21,1997,3,0,60,0.7,0,0,0,0,0,0,0,0,0.1,0.1,0.0,0.1,0,2,2,0.00,0.00,0.00,0.00,0.00,0.08,0.00,0.08,0.08,0.08,Partidos
470,Gaku Shibasaki,jp JPN,"CC,DL",Getafe,26,1992,7,5,389,4.3,0,0,0,0,0,0,0,0,0.2,0.2,0.2,0.4,7,14,24,0.00,0.00,0.00,0.00,0.00,0.04,0.04,0.08,0.04,0.08,Partidos
471,Sidnei,br BRA,DF,Betis,28,1989,24,20,1742,19.4,1,0,1,1,0,0,4,0,1.1,1.1,0.1,1.2,34,67,16,0.05,0.00,0.05,0.05,0.05,0.06,0.00,0.06,0.06,0.06,Partidos
472,André Silva,pt POR,DL,Sevilla,22,1995,27,25,2159,24.0,9,0,9,9,0,0,4,0,10.3,10.3,4.3,14.6,50,74,191,0.38,0.00,0.38,0.38,0.38,0.43,0.18,0.61,0.43,0.61,Partidos
473,Jonathan Silva,ar ARG,"DF,DL",Leganés,24,1994,30,30,2700,30.0,3,6,9,3,0,0,9,0,1.6,1.6,5.3,7.0,48,98,122,0.10,0.20,0.30,0.10,0.30,0.05,0.18,0.23,0.05,0.23,Partidos
474,Moses Simon,ng NGA,"DF,CC",Levante,23,1995,19,8,785,8.7,1,1,2,1,0,0,1,0,1.3,1.3,0.7,2.0,39,20,67,0.11,0.11,0.23,0.11,0.23,0.15,0.08,0.23,0.15,0.23,Partidos
475,Unai Simón,es ESP,PO,Athletic Club,21,1997,7,7,630,7.0,0,0,0,0,0,0,2,0,0.0,0.0,0.0,0.0,0,0,0,0.00,0.00,0.00,0.00,0.00,0.00,0.00,0.00,0.00,0.00,Partidos
RL,Jugador,País,Posc,Equipo,Edad,Nacimiento,PJ,Titular,Mín,90 s,Gls.,Ass,G+A,G-TP,TP,TPint,TA,TR,xG,npxG,xAG,npxG+xAG,PrgC,PrgP,PrgR,Gls.,Ast,G+A,G-TP,G+A-TP,xG,xAG,xG+xAG,npxG,npxG+xAG,Partidos
476,Dimitris Siovas,gr GRE,DF,Leganés,29,1988,34,34,2962,32.9,1,0,1,1,0,0,5,0,1.9,1.9,1.1,3.0,22,112,10,0.03,0.00,0.03,0.03,0.03,0.06,0.03,0.09,0.06,0.09,Partidos
477,Pione Sisto,dk DEN,"DL,CC",Celta Vigo,23,1995,25,8,844,9.4,2,1,3,2,0,0,0,0,0.9,0.9,1.1,2.0,30,40,56,0.21,0.11,0.32,0.21,0.32,0.10,0.11,0.21,0.10,0.21,Partidos
478,Antonio Sivera,es ESP,PO,Alavés,21,1996,3,3,270,3.0,0,0,0,0,0,0,0,0,0.0,0.0,0.1,0.1,0,0,0,0.00,0.00,0.00,0.00,0.00,0.00,0.03,0.03,0.00,0.03,Partidos
479,Rubén Sobrino,es ESP,"DL,CC",Alavés,26,1992,20,10,965,10.7,3,1,4,3,0,0,2,0,1.9,1.9,1.2,3.1,28,19,44,0.28,0.09,0.37,0.28,0.37,0.17,0.11,0.29,0.17,0.29,Partidos
480,Rubén Sobrino,es ESP,"DL,CC",Valencia,26,1992,4,2,193,2.1,0,0,0,0,0,0,1,0,0.5,0.5,0.0,0.6,2,5,13,0.00,0.00,0.00,0.00,0.00,0.25,0.02,0.27,0.25,0.27,Partidos
481,Alex Sola,es ESP,DF,Real Sociedad,19,1999,1,1,90,1.0,0,0,0,0,0,0,0,0,0.1,0.1,0.1,0.1,2,3,4,0.00,0.00,0.00,0.00,0.00,0.09,0.06,0.15,0.09,0.15,Partidos
482,Andrés Solano,co COL,DF,Atlético Madrid,20,1998,1,1,45,0.5,0,0,0,0,0,0,0,0,0.0,0.0,0.0,0.0,0,1,3,0.00,0.00,0.00,0.00,0.00,0.00,0.00,0.00,0.00,0.00,Partidos
483,Carlos Soler,es ESP,CC,Valencia,21,1997,31,27,2460,27.3,2,6,8,2,0,0,9,0,4.1,4.1,4.1,8.2,48,123,147,0.07,0.22,0.29,0.07,0.29,0.15,0.15,0.30,0.15,0.30,Partidos
484,Kévin Soni,cm CMR,"DL,DF",Girona,20,1998,5,1,82,0.9,0,0,0,0,0,0,1,0,0.2,0.2,0.1,0.4,3,0,7,0.00,0.00,0.00,0.00,0.00,0.24,0.16,0.40,0.24,0.40,Partidos
485,David Soria,es ESP,PO,Getafe,25,1993,37,37,3330,37.0,0,0,0,0,0,0,0,0,0.0,0.0,0.1,0.1,0,0,0,0.00,0.00,0.00,0.00,0.00,0.00,0.00,0.00,0.00,0.00,Partidos
486,Juan Soriano,es ESP,PO,Sevilla,20,1997,4,4,359,4.0,0,0,0,0,0,0,2,1,0.0,0.0,0.0,0.0,0,0,0,0.00,0.00,0.00,0.00,0.00,0.00,0.00,0.00,0.00,0.00,Partidos
487,Cristhian Stuani,uy URU,DL,Girona,31,1986,32,30,2729,30.3,19,0,19,14,5,5,9,0,14.1,10.4,1.0,11.4,12,30,129,0.63,0.00,0.63,0.46,0.46,0.47,0.03,0.50,0.34,0.38,Partidos
488,Damián Suárez,uy URU,DF,Getafe,30,1988,36,36,3240,36.0,0,3,3,0,0,0,13,0,0.5,0.5,4.9,5.4,45,153,74,0.00,0.08,0.08,0.00,0.08,0.01,0.14,0.15,0.01,0.15,Partidos
489,Denis Suárez,es ESP,"CC,DF",Barcelona,24,1994,2,0,19,0.2,0,0,0,0,0,0,0,0,0.4,0.4,0.1,0.4,2,1,3,0.00,0.00,0.00,0.00,0.00,1.80,0.31,2.11,1.80,2.11,Partidos
490,Leonardo Suárez,ar ARG,"DL,CC",Valladolid,22,1996,12,7,517,5.7,2,0,2,2,0,0,0,0,1.3,1.3,0.3,1.6,8,23,21,0.35,0.00,0.35,0.35,0.35,0.23,0.05,0.28,0.23,0.28,Partidos
491,Luis Suárez,uy URU,DL,Barcelona,31,1987,33,31,2827,31.4,21,6,27,17,4,4,5,0,23.1,20.0,6.9,26.9,73,97,294,0.67,0.19,0.86,0.54,0.73,0.74,0.22,0.96,0.64,0.86,Partidos
492,Mario Suárez,es ESP,CC,Rayo Vallecano,31,1987,14,11,1026,11.4,2,0,2,2,0,0,5,0,1.1,1.1,0.7,1.8,10,56,7,0.18,0.00,0.18,0.18,0.18,0.09,0.06,0.15,0.09,0.15,Partidos
493,Markel Susaeta,es ESP,"DL,CC",Athletic Club,30,1987,22,15,1379,15.3,1,2,3,1,0,0,4,1,0.7,0.7,3.2,3.9,41,48,108,0.07,0.13,0.20,0.07,0.20,0.05,0.21,0.26,0.05,0.26,Partidos
494,Rodrigo Tarín,es ESP,DF,Leganés,22,1996,18,15,1429,15.9,0,0,0,0,0,0,3,0,0.3,0.3,0.1,0.4,5,27,10,0.00,0.00,0.00,0.00,0.00,0.02,0.00,0.02,0.02,0.02,Partidos
495,Cristian Tello,es ESP,"DF,DL",Betis,26,1991,29,13,1573,17.5,4,6,10,4,0,0,3,0,2.9,2.9,4.0,7.0,85,56,162,0.23,0.34,0.57,0.23,0.57,0.17,0.23,0.40,0.17,0.40,Partidos
496,Marc-André ter Stegen,de GER,PO,Barcelona,26,1992,35,35,3150,35.0,0,0,0,0,0,0,0,0,0.0,0.0,0.0,0.0,0,0,0,0.00,0.00,0.00,0.00,0.00,0.00,0.00,0.00,0.00,0.00,Partidos
497,David Timor,es ESP,CC,Girona,28,1989,2,2,163,1.8,0,0,0,0,0,0,0,0,0.0,0.0,0.0,0.0,0,10,2,0.00,0.00,0.00,0.00,0.00,0.02,0.00,0.02,0.02,0.02,Partidos
498,Tito,es ESP,DF,Rayo Vallecano,33,1985,15,12,1098,12.2,0,0,0,0,0,0,2,0,0.0,0.0,0.2,0.2,23,54,37,0.00,0.00,0.00,0.00,0.00,0.00,0.01,0.02,0.00,0.02,Partidos
499,Jean-Clair Todibo,fr FRA,DF,Barcelona,18,1999,2,2,157,1.7,0,0,0,0,0,0,2,0,0.0,0.0,0.0,0.0,0,5,0,0.00,0.00,0.00,0.00,0.00,0.00,0.00,0.00,0.00,0.00,Partidos
500,Karl Toko Ekambi,cm CMR,"DL,CC",Villarreal,25,1992,34,24,2144,23.8,10,1,11,10,0,1,5,0,10.6,10.0,2.1,12.1,92,28,222,0.42,0.04,0.46,0.42,0.46,0.44,0.09,0.53,0.42,0.51,Partidos
RL,Jugador,País,Posc,Equipo,Edad,Nacimiento,PJ,Titular,Mín,90 s,Gls.,Ass,G+A,G-TP,TP,TPint,TA,TR,xG,npxG,xAG,npxG+xAG,PrgC,PrgP,PrgR,Gls.,Ast,G+A,G-TP,G+A-TP,xG,xAG,xG+xAG,npxG,npxG+xAG,Partidos
501,Raúl de Tomás,es ESP,DL,Rayo Vallecano,23,1994,33,32,2813,31.3,14,1,15,14,0,0,5,0,15.6,15.6,1.5,17.2,51,40,135,0.45,0.03,0.48,0.45,0.48,0.50,0.05,0.55,0.50,0.55,Partidos
502,Toño,es ESP,"DF,DL",Levante,28,1989,21,21,1763,19.6,1,2,3,1,0,0,4,0,1.3,1.3,1.2,2.5,57,67,97,0.05,0.10,0.15,0.05,0.15,0.07,0.06,0.13,0.07,0.13,Partidos
503,Daniel Torres,co COL,CC,Alavés,28,1989,2,1,71,0.8,0,0,0,0,0,0,1,0,0.0,0.0,0.0,0.0,0,0,0,0.00,0.00,0.00,0.00,0.00,0.00,0.00,0.00,0.00,0.00,Partidos
504,Ferrán Torres,es ESP,CC,Valencia,18,2000,24,8,850,9.4,2,1,3,2,0,0,5,0,1.5,1.5,1.7,3.2,35,27,70,0.21,0.11,0.32,0.21,0.32,0.16,0.18,0.34,0.16,0.34,Partidos
505,Óscar Trejo,ar ARG,"CC,DL",Rayo Vallecano,30,1988,26,22,1764,19.6,1,4,5,0,1,1,7,1,3.3,2.5,3.9,6.4,45,120,77,0.05,0.20,0.26,0.00,0.20,0.17,0.20,0.37,0.13,0.33,Partidos
506,Manu Trigueros,es ESP,CC,Villarreal,26,1991,24,18,1547,17.2,0,0,0,0,0,0,3,0,1.0,1.0,2.1,3.1,16,128,31,0.00,0.00,0.00,0.00,0.00,0.06,0.12,0.18,0.06,0.18,Partidos
507,Patrick Twumasi,gh GHA,"CC,DL",Alavés,24,1994,11,0,170,1.9,0,0,0,0,0,0,2,0,0.1,0.1,0.1,0.3,6,7,15,0.00,0.00,0.00,0.00,0.00,0.08,0.08,0.16,0.08,0.16,Partidos
508,Samuel Umtiti,fr FRA,DF,Barcelona,24,1993,14,13,1189,13.2,0,1,1,0,0,0,4,0,0.2,0.2,0.7,0.8,11,69,2,0.00,0.08,0.08,0.00,0.08,0.01,0.05,0.06,0.01,0.06,Partidos
509,Enes Ünal,tr TUR,DL,Valladolid,21,1997,33,24,2148,23.9,6,3,9,3,3,3,7,0,7.9,5.6,1.5,7.1,35,46,121,0.25,0.13,0.38,0.13,0.25,0.33,0.06,0.40,0.23,0.30,Partidos
510,Tomáš Vaclík,cz CZE,PO,Sevilla,29,1989,33,33,2970,33.0,0,0,0,0,0,0,1,0,0.0,0.0,0.0,0.0,0,2,0,0.00,0.00,0.00,0.00,0.00,0.00,0.00,0.00,0.00,0.00,Partidos
511,Jesús Vallejo,es ESP,DF,Real Madrid,21,1997,5,4,311,3.5,1,0,1,1,0,0,1,1,0.7,0.7,0.0,0.7,1,5,0,0.29,0.00,0.29,0.29,0.29,0.20,0.00,0.20,0.20,0.20,Partidos
512,Federico Valverde,uy URU,CC,Real Madrid,20,1998,16,6,656,7.3,0,0,0,0,0,0,4,0,0.3,0.3,0.3,0.6,17,58,15,0.00,0.00,0.00,0.00,0.00,0.04,0.04,0.08,0.04,0.08,Partidos
513,Raphaël Varane,fr FRA,DF,Real Madrid,25,1993,32,31,2754,30.6,2,0,2,2,0,0,0,1,2.1,2.1,0.3,2.4,15,72,3,0.07,0.00,0.07,0.07,0.07,0.07,0.01,0.08,0.07,0.08,Partidos
514,Franco Vázquez,ar ARG,CC,Sevilla,29,1989,34,26,2280,25.3,3,4,7,3,0,0,8,1,4.1,4.1,3.9,8.1,79,171,99,0.12,0.16,0.28,0.12,0.28,0.16,0.15,0.32,0.16,0.32,Partidos
515,Kevin Vázquez,es ESP,DF,Celta Vigo,25,1993,4,2,220,2.4,0,0,0,0,0,0,0,0,0.0,0.0,0.0,0.0,1,4,11,0.00,0.00,0.00,0.00,0.00,0.00,0.01,0.01,0.00,0.01,Partidos
516,Lucas Vázquez,es ESP,"DL,CC",Real Madrid,27,1991,31,15,1510,16.8,1,3,4,1,0,0,6,1,2.6,2.6,4.7,7.3,72,69,210,0.06,0.18,0.24,0.06,0.24,0.15,0.28,0.43,0.15,0.43,Partidos
517,Koke Vegas,es ESP,PO,Levante,22,1995,1,1,90,1.0,0,0,0,0,0,0,0,0,0.0,0.0,0.0,0.0,0,0,0,0.00,0.00,0.00,0.00,0.00,0.00,0.00,0.00,0.00,0.00,Partidos
518,Emiliano Velázquez,uy URU,DF,Rayo Vallecano,24,1994,18,14,1277,14.2,0,2,2,0,0,0,8,0,1.0,1.0,0.8,1.8,5,42,2,0.00,0.14,0.14,0.00,0.14,0.07,0.05,0.12,0.07,0.12,Partidos
519,Daniele Verde,it ITA,"CC,DL",Valladolid,22,1996,22,4,657,7.3,2,0,2,1,1,1,1,0,1.6,0.8,1.4,2.2,28,23,69,0.27,0.00,0.27,0.14,0.14,0.22,0.20,0.41,0.11,0.31,Partidos
520,Thomas Vermaelen,be BEL,DF,Barcelona,32,1985,9,7,587,6.5,0,0,0,0,0,0,2,0,0.1,0.1,0.0,0.1,4,22,2,0.00,0.00,0.00,0.00,0.00,0.02,0.00,0.02,0.02,0.02,Partidos
521,Mikel Vesga,es ESP,CC,Leganés,25,1993,26,23,2070,23.0,1,1,2,1,0,0,3,0,0.8,0.8,1.1,2.0,29,70,62,0.04,0.04,0.09,0.04,0.09,0.04,0.05,0.09,0.04,0.09,Partidos
522,Rúben Vezo,pt POR,DF,Levante,24,1994,15,15,1339,14.9,2,1,3,2,0,0,4,0,0.7,0.7,1.1,1.8,4,42,4,0.13,0.07,0.20,0.13,0.20,0.05,0.07,0.12,0.05,0.12,Partidos
523,Rúben Vezo,pt POR,DF,Valencia,24,1994,4,2,196,2.2,0,0,0,0,0,0,2,0,0.1,0.1,0.1,0.2,4,5,6,0.00,0.00,0.00,0.00,0.00,0.04,0.04,0.08,0.04,0.08,Partidos
524,Aleix Vidal,es ESP,"DF,CC",Sevilla,28,1989,11,5,528,5.9,0,0,0,0,0,0,3,0,0.4,0.4,1.0,1.4,15,32,56,0.00,0.00,0.00,0.00,0.00,0.08,0.17,0.24,0.08,0.24,Partidos
525,Arturo Vidal,cl CHI,CC,Barcelona,31,1987,33,22,1929,21.4,3,7,10,3,0,0,7,0,3.4,3.4,4.8,8.2,17,104,74,0.14,0.33,0.47,0.14,0.47,0.16,0.22,0.38,0.16,0.38,Partidos
RL,Jugador,País,Posc,Equipo,Edad,Nacimiento,PJ,Titular,Mín,90 s,Gls.,Ass,G+A,G-TP,TP,TPint,TA,TR,xG,npxG,xAG,npxG+xAG,PrgC,PrgP,PrgR,Gls.,Ast,G+A,G-TP,G+A-TP,xG,xAG,xG+xAG,npxG,npxG+xAG,Partidos
526,Carlos Vigaray,es ESP,DF,Alavés,23,1994,8,7,647,7.2,0,0,0,0,0,0,1,0,0.0,0.0,0.2,0.3,5,17,10,0.00,0.00,0.00,0.00,0.00,0.00,0.03,0.04,0.00,0.04,Partidos
527,Dídac Vilà,es ESP,DF,Espanyol,29,1989,27,27,2354,26.2,0,2,2,0,0,0,11,0,1.9,1.9,3.0,4.9,76,119,168,0.00,0.08,0.08,0.00,0.08,0.07,0.12,0.19,0.07,0.19,Partidos
528,Toni Villa,es ESP,"CC,DL",Valladolid,23,1995,26,21,1762,19.6,2,2,4,2,0,0,3,0,1.9,1.9,2.2,4.1,76,69,132,0.10,0.10,0.20,0.10,0.20,0.10,0.11,0.21,0.10,0.21,Partidos
529,Vitolo,es ESP,"CC,DL",Atlético Madrid,28,1989,20,5,753,8.4,0,1,1,0,0,0,1,0,0.9,0.9,1.0,1.9,39,37,56,0.00,0.12,0.12,0.00,0.12,0.11,0.12,0.23,0.11,0.23,Partidos
530,Nikola Vukčević,me MNE,CC,Levante,26,1991,16,9,670,7.4,0,0,0,0,0,0,5,1,0.0,0.0,0.1,0.1,8,22,0,0.00,0.00,0.00,0.00,0.00,0.00,0.01,0.01,0.00,0.01,Partidos
531,Moussa Wagué,sn SEN,"DF,DL",Barcelona,19,1998,3,2,225,2.5,0,0,0,0,0,0,1,0,0.1,0.1,0.3,0.4,7,10,25,0.00,0.00,0.00,0.00,0.00,0.05,0.13,0.18,0.05,0.18,Partidos
532,Wakaso,gh GHA,CC,Alavés,28,1990,29,18,1669,18.5,1,1,2,1,0,0,9,0,1.2,1.2,0.4,1.6,18,80,34,0.05,0.05,0.11,0.05,0.11,0.06,0.02,0.09,0.06,0.09,Partidos
533,Daniel Wass,dk DEN,"DF,CC",Valencia,29,1989,32,26,2354,26.2,1,3,4,1,0,0,4,0,1.4,1.4,4.3,5.7,60,118,137,0.04,0.11,0.15,0.04,0.15,0.05,0.17,0.22,0.05,0.22,Partidos
534,Axel Werner,ar ARG,PO,Huesca,22,1996,6,6,540,6.0,0,0,0,0,0,0,0,0,0.0,0.0,0.0,0.0,0,0,0,0.00,0.00,0.00,0.00,0.00,0.00,0.00,0.00,0.00,0.00,Partidos
535,Iñaki Williams,gh GHA,DL,Athletic Club,24,1994,38,36,3025,33.6,13,4,17,13,0,0,3,0,13.1,13.1,3.3,16.4,98,39,251,0.39,0.12,0.51,0.39,0.51,0.39,0.10,0.49,0.39,0.49,Partidos
536,Maximilian Wöber,at AUT,DF,Sevilla,20,1998,7,6,536,6.0,0,0,0,0,0,0,2,0,0.2,0.2,0.6,0.9,10,24,16,0.00,0.00,0.00,0.00,0.00,0.04,0.11,0.14,0.04,0.14,Partidos
537,Yoel,es ESP,PO,Valladolid,29,1988,3,3,270,3.0,0,0,0,0,0,0,0,0,0.0,0.0,0.0,0.0,0,0,0,0.00,0.00,0.00,0.00,0.00,0.00,0.00,0.00,0.00,0.00,Partidos
538,Okay Yokuşlu,tr TUR,CC,Celta Vigo,24,1994,30,26,2198,24.4,2,0,2,2,0,0,10,0,1.7,1.7,0.7,2.4,35,113,14,0.08,0.00,0.08,0.08,0.08,0.07,0.03,0.10,0.07,0.10,Partidos
539,Joseba Zaldúa,es ESP,DF,Real Sociedad,26,1992,26,25,2139,23.8,1,2,3,1,0,0,7,0,0.1,0.1,1.9,2.0,70,94,110,0.04,0.08,0.13,0.04,0.13,0.01,0.08,0.09,0.01,0.09,Partidos
540,Nabil El Zhar,ma MAR,"CC,DL",Leganés,31,1986,27,9,966,10.7,4,0,4,3,1,1,0,0,2.9,2.1,0.9,3.0,32,45,50,0.37,0.00,0.37,0.28,0.28,0.27,0.08,0.35,0.20,0.28,Partidos
541,Luca Zidane,fr FRA,PO,Real Madrid,20,1998,1,1,90,1.0,0,0,0,0,0,0,0,0,0.0,0.0,0.0,0.0,0,0,0,0.00,0.00,0.00,0.00,0.00,0.00,0.00,0.00,0.00,0.00,Partidos
542,Igor Zubeldia,es ESP,CC,Real Sociedad,21,1997,33,29,2549,28.3,0,1,1,0,0,0,7,0,0.5,0.5,1.0,1.6,22,89,12,0.00,0.04,0.04,0.00,0.04,0.02,0.04,0.05,0.02,0.05,Partidos
543,Martín Zubimendi,es ESP,CC,Real Sociedad,19,1999,1,0,7,0.1,0,0,0,0,0,0,0,0,0.0,0.0,0.4,0.4,0,1,0,0.00,0.00,0.00,0.00,0.00,0.00,5.61,5.61,0.00,5.61,Partidos
544,David Zurutuza,es ESP,CC,Real Sociedad,32,1986,21,13,1222,13.6,2,0,2,2,0,0,2,0,1.6,1.6,0.6,2.2,23,63,37,0.15,0.00,0.15,0.15,0.15,0.12,0.04,0.16,0.12,0.16,Partidos
